=== XẾP HẠNG SELLER ===

  Hạng Seller_ID                                   Tổng DT   Số đơn       Tiền hàng       Phí VC
-----------------------------------------------------------------------------------------------
     1 4869f7a5dfa277a7dca6462dcf3b52b2         249,640.70    1,132      229,472.63    20,168.07
     2 7c67e1448b00f6e969d365cea6b010ab         239,536.44      982      187,923.89    51,612.55
     3 53243585a1d6dc2643021fd1853d8905         235,856.68      358      222,776.05    13,080.63
     4 4a3ca9315b744ce9f8e9374361493884         235,539.96    1,806      200,472.92    35,067.04
     5 fa1c13f2614d7b5c4749cbc52fecda94         204,084.73      585      194,042.03    10,042.70
     6 da8622b14eb17ae2831f4ac5b9dab84a         185,192.32    1,314      160,236.57    24,955.75
     7 7e93a43ef30c4f03f38b393420bc753a         182,754.05      336      176,431.87     6,322.18
     8 1025f0e2d44d7041d6cf58b6550e0bfa         172,860.69      915      138,968.55    33,892.14
     9 7a67c85e85bb2ce8582c35f2203ad736         162,648.38    1,160      141,745.53    20,902.85
    10 955fee9216a65b617aa5c0531780ce60         160,602.68    1,287      135,171.70    25,430.98
    11 6560211a19b47992c3666cc44a7e94c0         151,265.77    1,854      123,304.83    27,960.94
    12 1f50f920176fa81dab994f9023523100         142,104.98    1,404      106,939.21    35,165.77
    13 46dc3b2cc0980fb8ec44634e21d2718e         139,909.69      521      128,111.19    11,798.50
    14 a1043bafd471dff536d0c462352beb48         133,745.25      718      101,901.16    31,844.09
    15 cc419e0650a3c5ba77189a1882b7556a         129,957.41    1,706      104,288.42    25,668.99
    16 620c87c171fb2a6dd6e8bb4dec959fc6         128,909.71      740      114,774.50    14,135.21
    17 5dceca129747e92ff8ef7a997dc4f8ca         125,816.92      325      112,155.53    13,661.39
    18 7d13fca15225358621be4086e1eb0964         122,261.02      565      113,628.97     8,632.05
    19 3d871de0142ce09b7081e2b9d1733cb1         117,347.71    1,080       94,914.20    22,433.51
    20 edb1ef5e36e0c8cd84eb3c9b003e486d          83,189.65      166       79,284.55     3,905.10
    21 ccc4bbb5f32a6ab2b7066a4130f114e3          79,261.60      187       74,004.62     5,256.98
    22 cca3071e3e9bb7d12640c9fbe2301306          78,381.29      712       64,009.89    14,371.40
    23 8581055ce74af1daba164fdbd55a40de          74,584.30      387       64,925.30     9,659.00
    24 f7ba60f8c3f99e7ee4042fdef03b70c4          72,736.01      219       68,395.00     4,341.01
    25 fe2032dab1a61af8794248c8196565c9          70,680.95      294       65,959.61     4,721.34
    26 de722cd6dad950a92b7d4f82673f8833          65,112.75      339       55,426.10     9,686.65
    27 7ddcbb64b5bc1ef36ca8c151f6ec77df          63,525.29      334       55,578.57     7,946.72
    28 04308b1ee57b6625f47df1d56f00eedf          63,184.99       94       60,130.60     3,054.39
    29 f8db351d8c4c4c22c6835c19a46f01b0          63,079.80      667       50,525.60    12,554.20
    30 218d46b86c1881d022bce9c68a7d4b15          62,737.54      388       55,093.28     7,644.26
    31 522620dcb18a6b31cd7bdf73665113a9          61,829.81      174       57,168.49     4,661.32
    32 25c5c91f63607446a97b143d2d535d31          61,679.33      158       54,679.22     7,000.11
    33 17e34d8224d27a541263c4c64b11a56b          61,603.20      255       56,363.24     5,239.96
    34 37be5a7c751166fbc5f8ccba4119e043          61,433.88      272       55,350.55     6,083.33
    35 ceaec5548eefc6e23e6607c5435102e7          59,249.02      203       52,917.18     6,331.84
    36 b2ba3715d723d245138f291a6fe42594          58,173.02      337       51,676.88     6,496.14
    37 17f51e7198701186712e53a39c564617          57,812.43       56       48,019.00     9,793.43
    38 f5a590cf36251cf1162ea35bef76fe84          57,440.94      117       53,201.78     4,239.16
    39 77530e9772f57a62c906e1c21538ab82          55,063.99      320       46,610.40     8,453.59
    40 8160255418d5aaa7dbdc9f4c64ebda44          54,871.50      385       47,017.69     7,853.81
    41 ea8482cd71df3c1969d7b9473ff13abc          54,722.29    1,146       37,177.52    17,544.77
    42 e882b2a25a10b9c057cc49695f222c19          53,913.76       57       51,057.54     2,856.22
    43 4e922959ae960d389249c378d1c939f5          53,304.75      420       46,030.37     7,274.38
    44 e9779976487b77c6d4ac45f75ec7afe9          53,302.66      657       43,162.95    10,139.71
    45 966cb4760537b1404caedd472cc610a5          52,935.87       75       51,286.05     1,649.82
    46 2bf6a2c1e71bbd29a4ad64e6d3c3629f          51,629.49       30       50,628.90     1,000.59
    47 4d6d651bd7684af3fffabd5f08d12e5a          51,486.31      369       43,587.40     7,898.91
    48 c826c40d7b19f62a09e2d7c5e7295ee2          51,217.22      354       45,643.74     5,573.48
    49 d91fb3b7d041e83b64a00a3edfb37e4f          50,180.51      535       40,889.74     9,290.77
    50 391fc6631aebcf3004804e51b40bcf1e          50,142.83      526       39,951.95    10,190.88
    51 17a053fcb14bd219540cbde0df490be0          49,531.57      125       40,703.14     8,828.43
    52 c3cfdc648177fdbbbb35635a37472c53          49,127.81      278       43,048.18     6,079.63
    53 06a2c3af7b3aee5d69171b0e14f0ee87          48,550.24      392       36,408.95    12,141.29
    54 850f4f8af5ea87287ac68de36e29107f          48,469.77      187       45,355.36     3,114.41
    55 b33e7c55446eabf8fe1a42d037ac7d6d          47,710.24      152       44,985.17     2,725.07
    56 eeb6de78f79159600292e314a77cbd18          46,795.28       83       43,739.84     3,055.44
    57 712e6ed8aa4aa1fa65dab41fed5737e4          46,704.13       79       39,815.00     6,889.13
    58 2eb70248d66e0e3ef83659f71b244378          45,860.10      202       42,628.61     3,231.49
    59 ba90964cff9b9e0e6f32b23b82465f7b          45,523.50       38       44,212.50     1,311.00
    60 634964b17796e64304cadf1ad3050fb7          45,420.53      268       39,465.10     5,955.43
    61 7142540dd4c91e2237acb7e911c4eba2          44,289.16      319       37,373.56     6,915.60
    62 834f3294fba9f932f56edc879193f925          44,207.42       66       39,907.50     4,299.92
    63 b839e41795b7f3ad94cc2014a52f6796          43,749.93       33       42,829.00       920.93
    64 c3867b4666c7d76867627c2f7fb22e21          42,197.18      245       37,153.40     5,043.78
    65 1835b56ce799e6a4dc4eddc053f04066          42,086.16      423       33,344.21     8,741.95
    66 dbc22125167c298ef99da25668e1011f          41,789.16      406       33,776.78     8,012.38
    67 7299e27ed73d2ad986de7f7c77d919fa          41,581.08      338       34,725.43     6,855.65
    68 7178f9f4dd81dcef02f62acdf8151e01          41,478.92      203       37,070.40     4,408.52
    69 c70c1b0d8ca86052f45a432a38b73958          40,476.28      261       36,537.37     3,938.91
    70 53e4c6e0f4312d4d2107a8c9cddf45cd          40,036.19      473       30,148.95     9,887.24
    71 855668e0971d4dfd7bef1b6a4133b41b          40,005.36      312       32,208.16     7,797.20
    72 e9bc59e7b60fc3063eb2290deda4cced          39,031.56      216       34,343.06     4,688.50
    73 87142160b41353c4e5fca2360caf6f92          38,314.31      305       31,095.98     7,218.33
    74 0241d4d5d36f10f80c644447315af0bd          38,251.61      238       31,397.70     6,853.91
    75 59417c56835dd8e2e72f91f809cd4092          37,657.77       18       36,459.00     1,198.77
    76 76d5af76d0271110f9af36c92573f765          37,541.56      131       33,461.60     4,079.96
    77 9c0e69c7bf2619675bbadf47b43f655a          36,602.96      157       33,702.78     2,900.18
    78 88460e8ebdecbfecb5f9601833981930          36,543.10      248       31,546.55     4,996.55
    79 70a12e78e608ac31179aea7f8422044b          36,465.44      315       30,858.53     5,606.91
    80 2528513dd95219a6013d4d05176e391a          36,438.75      161       32,689.10     3,749.65
    81 1554a68530182680ad5c8b042c3ab563          35,850.79      247       29,052.53     6,798.26
    82 7681ef142fd2c19048da7430856b5588          34,857.93       59       31,941.81     2,916.12
    83 70eea00b476a314817cefde4aad4f89a          34,764.17      108       31,994.65     2,769.52
    84 5c243662ce92d84573bfaff24c3e3700          34,637.66       98       32,862.02     1,775.64
    85 001cca7ae9ae17fb1caed9dfb1094831          33,934.17      200       25,080.03     8,854.14
    86 e59aa562b9f8076dd550fcddf0e73491          33,803.97       70       31,574.30     2,229.67
    87 1900267e848ceeba8fa32d80c1a5f5a8          33,120.59      411       24,982.53     8,138.06
    88 9f505651f4a6abe901a56cdc21508025          32,391.86      397       26,361.82     6,030.04
    89 d1c281d3ae149232351cd8c8cc885f0d          32,339.06      215       26,942.60     5,396.46
    90 0b90b6df587eb83608a64ea8b390cf07          32,207.64      164       28,592.32     3,615.32
    91 59b22a78efb79a4797979612b885db36          32,082.07      125       27,184.50     4,897.57
    92 d23019c84ffae2d5ef2270367b8605fc          31,954.84       39       29,205.10     2,749.74
    93 a3a38f4affed601eb87a97788c949667          31,775.27      254       26,533.32     5,241.95
    94 8b321bb669392f5163d04c59e235e066          31,692.05      943       17,535.69    14,156.36
    95 900ba814c251a692506d7834c1218441          31,467.94       88       29,099.69     2,368.25
    96 16090f2ca825584b5a147ab24aa30c86          31,173.11      402       25,716.44     5,456.67
    97 d2374cbcbb3ca4ab1086534108cc3ab7          30,817.80      524       21,223.92     9,593.88
    98 12b9676b00f60f3b700e83af21824c0e          30,342.69      135       26,774.00     3,568.69
    99 7e1fb0a3ebfb01ffb3a7dae98bf3238d          30,335.93      159       27,349.53     2,986.40
   100 897060da8b9a21f655304d50fd935913          29,887.47      317       23,023.92     6,863.55
   101 c003204e1ab016dfa150abc119207b24          29,850.89      197       25,108.09     4,742.80
   102 b32be1695eb7ec5f10f72d9610a12527          29,831.02       45       26,874.00     2,957.02
   103 de23c3b98a88888289c6f5cc1209054a          29,081.81      164       26,399.67     2,682.14
   104 dc4a0fc896dc34b0d5bfec8438291c80          28,795.09      231       24,180.77     4,614.32
   105 a416b6a846a11724393025641d4edd5e          28,670.52      162       25,670.72     2,999.80
   106 710e3548e02bc1d2831dfc4f1b5b14d4          27,855.07      136       23,979.11     3,875.96
   107 1c68394e931a64f90ea236c5ea590300          27,729.16      142       24,832.75     2,896.41
   108 1a3df491d1c4f1589fc2b934ada68bf2          27,594.12      167       23,302.70     4,291.42
   109 f62d7bb4a613ec758a03342d46b580b2          26,790.59       32       24,665.00     2,125.59
   110 b94cc9f10ddc85e4ba73a6f7974e7101          26,368.49       39       25,346.10     1,022.39
   111 7ad32824caee82087b3e2e5f33b1bf32          26,050.32      151       22,505.10     3,545.22
   112 8f2ce03f928b567e3d56181ae20ae952          25,550.01      153       21,712.90     3,837.11
   113 729f06993dac8e860d4f02d7088ca48a          25,479.65       96       20,485.08     4,994.57
   114 f45122a9ab94eb4f3f8953578bc0c560          25,404.13      187       22,078.29     3,325.84
   115 612170e34b97004b3ba37eae81836b4c          25,372.08      107       23,065.02     2,307.06
   116 b1b3948701c5c72445495bd161b83a4c          25,185.49       18       24,699.19       486.30
   117 8444e55c1f13cd5c179851e5ca5ebd00          24,951.27       99       22,873.21     2,078.06
   118 2b3e4a2a3ea8e01938cabda2a3e5cc79          24,535.10       52       23,629.15       905.95
   119 b37c4c02bda3161a7546a4e6d222d5b2          24,487.60        4       24,075.00       412.60
   120 744dac408745240a2c2528fb1b6028f3          24,385.02       79       22,490.60     1,894.42
   121 06e5eefc71ec47ae763c5c6f8db7064f          24,381.84       92       22,188.56     2,193.28
   122 85d9eb9ddc5d00ca9336a2219c97bb13          24,029.58      509       15,415.24     8,614.34
   123 40db9e9aa57f7bb151bcda6b0f9bdbb7          23,823.99       12       23,168.00       655.99
   124 05ff92fedb5be47920fea08e501238b9          23,808.17       59       21,992.78     1,815.39
   125 0dd184061fb0eaa7ca37932c68ab91c5          23,766.42      161       18,446.92     5,319.50
   126 59fb871bf6f4522a87ba567b42dafecf          23,754.76      126       21,708.57     2,046.19
   127 ff69aa92bb6b1bf9b8b7a51c2ed9cf8b          23,695.20       20       21,940.80     1,754.40
   128 00ee68308b45bc5e2660cd833c3f81cc          23,440.66      135       20,260.00     3,180.66
   129 7b0df942f46435babab05d49b744b2c4          23,272.78       32       22,600.63       672.15
   130 004c9cd9d87a3c30c522c48c4fc07416          23,263.94      158       19,712.71     3,551.23
   131 f457c46070d02cadd8a68551231220dd          22,807.22      199       19,093.00     3,714.22
   132 bfd27a966d91cfaafdb25d076585f0da          22,645.05      117       19,921.00     2,724.05
   133 48162d548f5b1b11b9d29d1e01f75a61          22,592.17       68       20,510.14     2,082.03
   134 dc317f341ab0e22f39acbd9dbf9b4a1f          22,570.13       55       18,988.40     3,581.73
   135 44073f8b7e41514de3b7815dd0237f4f          21,901.93      144       18,729.64     3,172.29
   136 128639473a139ac0f3e5f5ade55873a5          21,694.45      533       11,908.85     9,785.60
   137 0c8380b62e38e8a1e6adbeba7eb9688c          21,455.83      182       17,348.79     4,107.04
   138 41b39e28db005d9731d9d485a83b4c38          21,042.91      195       17,112.55     3,930.36
   139 cd68562d3f44870c08922d380acae552          20,777.19      125       18,569.70     2,207.49
   140 821fb029fc6e495ca4f08a35d51e53a5          20,740.25       28       19,187.42     1,552.83
   141 54a1852d1b8f10312c55e906355666ee          20,614.40      200       17,226.44     3,387.96
   142 7aa4334be125fcdd2ba64b3180029f14          20,603.33      217       16,234.81     4,368.52
   143 86ccac0b835037332a596a33b6949ee1          20,588.60      180       16,619.93     3,968.67
   144 fa40cc5b934574b62717c68f3d678b6d          20,586.77      307       16,055.87     4,530.90
   145 76d64c4aca3a7baf218bf93ef7fa768d          20,455.29       64       16,911.80     3,543.49
   146 96493fab2fbb13a14d0c0e8772eef5c3          20,181.23       63       18,969.00     1,212.23
   147 d650b663c3b5f6fb392b6326366efa9a          20,153.04       60       19,242.90       910.14
   148 2a5b78b41cd05baeac8df54c6606b92c          20,132.83       49       19,025.36     1,107.47
   149 1e8b33f18b4f7598d87f5cbee2282cc2          20,011.30      123       17,309.06     2,702.24
   150 527801b552d0077ffd170872eb49683b          20,005.36       90       17,942.80     2,062.56
   151 c33847515fa6305ce6feb1e818569f13          19,894.26      114       15,519.85     4,374.41
   152 4b9750c8ad28220fe6702d4ecb7c898f          19,305.10      218       15,915.30     3,389.80
   153 9de4643a8dbde634fe55621059d92273          19,282.41       72       17,560.34     1,722.07
   154 2a84855fd20af891be03bc5924d2b453          19,270.61      164       15,819.10     3,451.51
   155 79ebd9a61bac3eaf882805ed4ecfa12a          19,105.14      136       15,092.79     4,012.35
   156 165fc07beebdcb6190fba8a06db2a449          19,081.43       50       17,481.40     1,600.03
   157 4c2b230173bb36f9b240f2b8ac11786e          18,989.84      261       14,592.27     4,397.57
   158 a888faf2d1baececa6baf9c3d603ee1f          18,887.32       54       17,765.80     1,121.52
   159 213b25e6f54661939f11710a6fddb871          18,839.96      155       15,379.50     3,460.46
   160 c72de06d72748d1a0dfb2125be43ba63          18,733.18       21       17,522.00     1,211.18
   161 94144541854e298c2d976cb893b81343          18,715.65       68       17,286.28     1,429.37
   162 ef0ace09169ac090589d85746e3e036f          18,538.95      129       16,223.30     2,315.65
   163 4a3ccda38b2129705f3fb522db62ca31          18,494.93       66       17,062.59     1,432.34
   164 0adac9fbd9a2b63cccaac4f8756c1ca8          18,460.22      110       15,960.95     2,499.27
   165 2138ccb85b11a4ec1e37afbd1c8eda1f          18,426.25      396       12,357.03     6,069.22
   166 abe42c5d03695b4257b5c6cbf4e6784e          18,158.23       50       17,159.00       999.23
   167 229c3efbfb0ea2058de4ccdfbc3d784a          18,106.57      121       15,744.00     2,362.57
   168 1b4c3a6f53068f0b6944d2d005c9fc89          17,791.67      113       14,760.30     3,031.37
   169 8ae520247981aa06bc94abddf5f46d34          17,766.34       65       16,320.99     1,445.35
   170 01fdefa7697d26ad920e9e0346d4bd1b          17,690.07      129       14,921.43     2,768.64
   171 66922902710d126a0e7d26b0e3805106          17,581.07      151       14,362.30     3,218.77
   172 d921b68bf747894be13a97ae52b0f386          17,403.81       77       15,645.80     1,758.01
   173 5cf13accae3222c70a9cac40818ae839          17,402.47      149       14,383.20     3,019.27
   174 ce248b21cb2adc36282ede306b7660e5          17,296.95       65       15,230.06     2,066.89
   175 e5a38146df062edaf55c38afa99e42dc          17,254.59      121       15,360.07     1,894.52
   176 d94a40fd42351c259927028d163af842          17,220.94      101       13,823.80     3,397.14
   177 c3acdfac4e3e97ff87529454fbc03642          17,057.28       12       16,788.00       269.28
   178 6d66611d7c44cc30ce351abc49a68421          16,854.37      166       13,593.40     3,260.97
   179 2e90cb1677d35cfe24eef47d441b7c87          16,782.16      127       13,894.71     2,887.45
   180 669ae81880e08f269a64487cfb287169          16,621.46      162       13,248.87     3,372.59
   181 f9244d45189d3a3605499abddeade7d5          16,607.42       21       15,731.43       875.99
   182 1f1bb1f0859883505541bdd6606193e5          16,562.87       27       16,040.84       522.03
   183 3b15288545f8928d3e65a8f949a28291          16,513.69      104       14,061.79     2,451.90
   184 6061155addc1e54b4cfb51c1c2a32ad8          16,513.31       28       15,633.40       879.91
   185 a673821011d0cec28146ea42f5ab767f          16,490.14      129       13,863.69     2,626.45
   186 75d34ebb1bd0bd7dde40dd507b8169c3          16,479.51       62       15,048.28     1,431.23
   187 c847e075301870dd144a116762eaff9a          16,460.78       42       15,348.70     1,112.08
   188 a3e9a2c700480d9bb01fba070ba80a0e          16,323.89      130       13,440.80     2,883.09
   189 cfb1a033743668a192316f3c6d1d2671          16,236.20      147       12,803.64     3,432.56
   190 8e6d7754bc7e0f22c96d255ebda59eba          16,212.51       85       14,497.27     1,715.24
   191 87b740daf17b5d1be335a64164ec6842          16,182.38       13       14,699.87     1,482.51
   192 a5cba26a62b8b4d0145b68b841e62e7f          16,120.66       54       14,737.84     1,382.82
   193 6edacfd9f9074789dad6d62ba7950b9c          16,087.60      208       13,147.10     2,940.50
   194 6039e27294dc75811c0d8a39069f52c0          16,047.17       64       13,670.70     2,376.47
   195 1f9ab4708f3056ede07124aad39a2554          16,043.51       78       13,602.73     2,440.78
   196 440dd6ab244315c632130ecfb63827b1          15,793.21       94       13,696.90     2,096.31
   197 ac3508719a1d8f5b7614b798f70af136          15,792.23      103       12,775.84     3,016.39
   198 701938c450705b8ae65fc923b70f35c7          15,792.12       75       11,983.28     3,808.84
   199 05f51e13da97139648b8125c31e5f51b          15,788.30       60       13,769.01     2,019.29
   200 530ec6109d11eaaf87999465c6afee01          15,640.21       97       12,983.81     2,656.40
   201 289cdb325fb7e7f891c38608bf9e0962          15,639.29      110       13,544.95     2,094.34
   202 b8bc237ba3788b23da09c0f1f3a3288c          15,621.16       45       13,685.71     1,935.45
   203 a7f13822ceb966b076af67121f87b063          15,595.12       75       12,477.64     3,117.48
   204 c31eff8334d6b3047ed34bebd4d62c36          15,586.05      122       13,191.50     2,394.55
   205 080199a181c46c657dc5aa235411be3b          15,544.88       79       14,504.20     1,040.68
   206 aba1721a889e04decc910aa13b768ef4          15,352.47       83       14,103.30     1,249.17
   207 431af27f296bc6519d890aa5a05fdb11          15,250.85      117       13,109.50     2,141.35
   208 e2a1ac9bf33e5549a2a4f834e70df2f8          15,200.56        5       14,999.45       201.11
   209 c6bda72e4dbf5c5866b13cb1810c6d03          15,196.12       59       14,059.38     1,136.74
   210 48436dade18ac8b2bce089ec2a041202          15,183.64      138       12,271.71     2,911.93
   211 cf8ab1616079e2793aa29d524df01bb1          15,150.37        9       14,391.00       759.37
   212 2e1c9f22be269ef4643f826c9e650a52          15,122.37      167       12,687.68     2,434.69
   213 0ea22c1cfbdc755f86b9b54b39c16043          15,075.31      237       10,711.70     4,363.61
   214 a6bd7d1ccdac48c6b33b28596b7eb122          15,046.63       16       14,368.61       678.02
   215 0b35c634521043bf4b47e21547b99ab5          15,008.74       51       13,533.65     1,475.09
   216 1ca7077d890b907f89be8c954a02686a          15,001.43      115       13,341.57     1,659.86
   217 9e6229250fedbe05838fef417b74e7fb          14,986.65       74       13,132.20     1,854.45
   218 00fc707aaaad2d31347cf883cd2dfe10          14,969.99      103       12,684.90     2,285.09
   219 ef506c96320abeedfb894c34db06f478          14,968.43      324        9,771.43     5,197.00
   220 d50d79cb34e38265a8649c383dcffd48          14,944.68       70       13,012.42     1,932.26
   221 e26901d5ab434ce92fd9b5c256820a4e          14,938.88      202       11,990.90     2,947.98
   222 e8b3a3a38279a82f0e5d006d5e5b7d2c          14,916.39       87       13,154.70     1,761.69
   223 ce7d1888639e6fb06b2749cbfdac1ff7          14,876.54       78       11,793.89     3,082.65
   224 813348c996469b40f2e028d5429d3495          14,800.43      179       11,205.83     3,594.60
   225 2b1a40c1daabc6ca280c4b815c101841          14,634.88       23       12,732.60     1,902.28
   226 d05ae8f7a5bd1d2a690a44cd079e4e27          14,595.43       78       13,436.00     1,159.43
   227 f08a5b9dd6767129688d001acafc21e5          14,565.74       11       14,069.63       496.11
   228 240b9776d844d37535668549a396af32          14,452.65       36       13,592.08       860.57
   229 610f72e407cdd7caaa2f8167b0163fd8          14,429.45       16       13,585.16       844.29
   230 34d1ca11b242c0fee2c834ae8d788566          14,404.28       40       13,422.24       982.04
   231 0be8ff43f22e456b4e0371b2245e4d01          14,384.65      161       11,805.50     2,579.15
   232 8d956fec2e4337affcb520f56fd8cbfd          14,343.14      211       11,015.19     3,327.95
   233 d6b1ce66b035a475f00c017792ff9769          14,315.88       92       12,277.40     2,038.48
   234 cab85505710c7cb9b720bceb52b01cee          14,295.24      206       11,389.10     2,906.14
   235 99eaacc9e6046db1c82b163c5f84869f          14,274.52       66       13,139.17     1,135.35
   236 95e03ca3d4146e4011985981aeb959b9          14,243.50      175       11,009.96     3,233.54
   237 80e6699fe29150b372a0c8a1ebf7dcc8          14,154.90       98       11,441.56     2,713.34
   238 ad97a199236354e53fcd91a5a913e9a2          14,074.70       17       13,205.90       868.80
   239 ff063b022a9a0aab91bad2c9088760b7          14,061.27       94       12,076.50     1,984.77
   240 e24fc9fcd865784fb25705606fe3dfe7          13,966.71       52       12,936.00     1,030.71
   241 7202e2ba20579a9bd1acb29e61fe71f6          13,916.16       53       12,750.50     1,165.66
   242 5a8e7d5003a1f221f9e1d6e411de7c23          13,866.19      139       11,171.90     2,694.29
   243 8cc6a0e5738e61a87b03c78b2ba9db4b          13,838.22       24       13,312.40       525.82
   244 b372ee768ed69e46ca8cdbd267aa7a38          13,813.84       63       12,630.00     1,183.84
   245 6cd68b3ed6d59aaa9fece558ad360c0a          13,718.46      149       11,188.57     2,529.89
   246 adbc26658d6c7b4b6219f9d934598091          13,692.25       88       11,806.40     1,885.85
   247 c66dccfb3f109511246da627dd5a2498          13,682.25       45       12,708.55       973.70
   248 c8b0e2b0a7095e5d8219575d5e7e1181          13,657.34       84       12,170.21     1,487.13
   249 c60b801f2d52c7f7f91de00870882a75          13,652.89       41       12,913.50       739.39
   250 056b4ada5bbc2c50cc7842547dda6b51          13,639.41       65       12,333.39     1,306.02
   251 5d378b73ab7dd6f0418d743e5dcb0bd1          13,636.28        7       13,243.00       393.28
   252 6e386f64c84e482f0b9abf960797ee1b          13,563.66       30       12,938.30       625.36
   253 70c27847eca8195c983ed7e798c56743          13,529.18       77       12,077.52     1,451.66
   254 1d8dbc4f32378d715c717c1c1fc57bae          13,421.05       92       11,315.89     2,105.16
   255 25e6ffe976bd75618accfe16cefcbd0d          13,396.85      108       11,691.61     1,705.24
   256 ed4acab38528488b65a9a9c603ff024a          13,369.76       32       12,759.45       610.31
   257 09f952a5f58d2285b0372551ae8f9b01          13,346.46       50       11,821.50     1,524.96
   258 039e6ad9dae79614493083e241147386          13,273.42        5       12,925.00       348.42
   259 c510bc1718f0f2961eaa42a23330681a          13,211.87       13       12,251.00       960.87
   260 ca3bd7cd9f149df75950150d010fe4a2          13,171.37       71        9,731.85     3,439.52
   261 54965bbe3e4f07ae045b90b0b8541f52          13,164.84       78       10,961.30     2,203.54
   262 23d7c96d4a1160db1c726b248601b25a          13,146.52       53       11,766.94     1,379.58
   263 d1b65fc7debc3361ea86b5f14c68d2e2          13,141.80       40       11,703.07     1,438.73
   264 562fc2f2c2863ab7e79a9e4388a58a14          13,119.34      260        8,814.20     4,305.14
   265 8b8cfc8305aa441e4239358c9f6f2485          13,110.70       15       11,892.00     1,218.70
   266 5058e8c1e82653974541e83690655b4a          13,077.93       63       10,022.82     3,055.11
   267 1da3aeb70d7989d1e6d9b0e887f97c23          13,055.36      265        8,823.52     4,231.84
   268 ce27a3cc3c8cc1ea79d11e561e9bebb6          13,011.87      135       10,682.65     2,329.22
   269 f262cbc1c910c83959f849465454ddd3          12,989.85      192       10,482.83     2,507.02
   270 66e0557ecc2b4dbea057e93f215f68d8          12,977.99       31       12,480.00       497.99
   271 4830e40640734fc1c52cd21127c341d4          12,970.02      210        9,843.47     3,126.55
   272 7040e82f899a04d1b434b795a43b4617          12,955.98      212        9,738.20     3,217.78
   273 b499c00f28f4b7069ff6550af8c1348a          12,905.08      152       10,327.13     2,577.95
   274 b4f8921fcc4ff77b66bea6dda43dcd51          12,863.41       18       11,395.05     1,468.36
   275 dd2bdf855a9172734fbc3744021ae9b9          12,853.88      108       10,816.70     2,037.18
   276 ccb83a794700270fde70898fe9ff368b          12,785.73       12       11,062.00     1,723.73
   277 c9c7905cffc4ef9ff9f113554423e671          12,766.71      127       10,657.18     2,109.53
   278 fbc14c0cf93505ef89f64665ffa4a7b5          12,758.93       18       12,227.82       531.11
   279 f3b80352b986ab4d1057a4b724be19d0          12,692.73       87       10,505.10     2,187.63
   280 7ea5bfa6c340f58f8e71fc1f0412b0d6          12,663.88       98       11,002.89     1,660.99
   281 d71d863e5ef30d94e440c11be17dcd8f          12,655.65       29       11,900.90       754.75
   282 72c5da29406b4234927b81855e7b64f6          12,652.47       31       11,798.69       853.78
   283 1c129092bf23f28a5930387c980c0dfc          12,589.29      201        9,553.62     3,035.67
   284 c4f7fee5b0db50e87766f5a4d1b1b758          12,533.60        8       11,961.83       571.77
   285 7901646fdd36a55f564ffaf2dbccaaf7          12,478.83       22       11,857.08       621.75
   286 82e0a475a88cc9595229d8029273f045          12,415.92       42       10,930.02     1,485.90
   287 5343d0649eca2a983820bfe93fc4d17e          12,393.23       71       10,000.64     2,392.59
   288 6973a06f484aacf400ece213dbf3d946          12,374.62       95       11,011.05     1,363.57
   289 c864036feaab8c1659f65ea4faebe1da          12,299.77       58       10,454.20     1,845.57
   290 33a6f4b1e7cdc205511e76ba1b6e0186          12,183.91      105       10,295.01     1,888.90
   291 17ca9b9e9b9ef8fdb529001b49ebb50f          12,120.72      116        9,754.83     2,365.89
   292 f80edd2c5aaa505cc4b0a3b219abf4b8          12,108.94      119        9,108.20     3,000.74
   293 dd7ddc04e1b6c2c614352b383efe2d36          12,072.00      122        9,178.51     2,893.49
   294 4e7c18b98d84e05cbae3ff0ff03846c2          12,053.88       82        9,177.90     2,875.98
   295 c4d51195486dc781531876a7d00453d8          12,038.35       17       11,468.98       569.37
   296 bba3293d6f5d5af2f415e004e8b93ae3          12,028.79       17       11,702.10       326.69
   297 bd23da7354813347129d751591d1a6e2          12,011.13       89       10,544.30     1,466.83
   298 9d5a9018aee56acb367ba9c3f05d1d6a          11,982.21       67       10,292.31     1,689.90
   299 8b28d096634035667e8263d57ba3368c          11,967.15      143        9,375.70     2,591.45
   300 31344c16881c08a8a72c6d2eb29918c1          11,912.62       43        9,615.70     2,296.92
   301 fffd5413c0700ac820c7069d66d98c89          11,896.04       60        9,062.30     2,833.74
   302 32b8764b4ef628b53608fc34011fcc13          11,854.42       36        8,884.00     2,970.42
   303 01cf7e3d21494c41fb86034f2e714fa1          11,738.18       61        9,729.36     2,008.82
   304 aaed1309374718fdd995ee4c58c9dfcd          11,708.02      105        9,376.95     2,331.07
   305 aafe36600ce604f205b86b5084d3d767          11,673.20      129        9,251.40     2,421.80
   306 9b013e03b2ab786505a1d3b5c0756754          11,631.61      174        9,027.40     2,604.21
   307 36a968b544695394e4e9d7572688598f          11,628.87      154        9,482.87     2,146.00
   308 3db66a856d18a9cba7c9241fc5221c50          11,522.66       94        9,478.30     2,044.36
   309 0df3984f9dfb3d49ac6366acbd3bbb85          11,520.21       87       10,021.49     1,498.72
   310 9d4db00d65d7760644ac0c14edb5fd86          11,512.81       98        9,979.70     1,533.11
   311 92eb0f42c21942b6552362b9b114707d          11,492.67      341        6,548.63     4,944.04
   312 6c7d50c24b3ccd2fd83b44d8bb34e073          11,470.19      114        8,699.34     2,770.85
   313 5656537e588803a555b8eb41f07a944b          11,442.96      174        8,065.93     3,377.03
   314 cbd996ad3c1b7dc71fd0e5f5df9087e2          11,284.96      165        8,411.04     2,873.92
   315 259f7b5e6e482c230e5bfaa670b6bb8f          11,265.25      138        8,526.04     2,739.21
   316 81a1104df0f08b59c68aa5b03cfe398e          11,235.27       73        9,420.88     1,814.39
   317 ea566164622c6b439516ab18062c42cd          11,167.98       50       10,309.42       858.56
   318 066a6914e1ebf3ea95a216c73a986b91          11,115.95       68        9,410.38     1,705.57
   319 e5a3438891c0bfdb9394643f95273d8e          11,112.62      224        7,738.35     3,374.27
   320 0db783cfcd3b73998abc6e10e59a102f          11,076.55      132        9,077.40     1,999.15
   321 7b07b3c7487f0ea825fc6df75abd658b          11,074.64       93        9,731.85     1,342.79
   322 1c5e4e49b9079480255b49d50aac1aa9          11,062.72       12       10,173.11       889.61
   323 624f4ece8da4aafb77699233d480f8ef          10,927.37       53        9,205.00     1,722.37
   324 06532f10282704ef4c69168b914b77be          10,918.74        8       10,220.50       698.24
   325 18a349e75d307f4b4cc646a691ed4216          10,909.56      121        8,711.53     2,198.03
   326 7008613ea464bad5cb9b83456e1e6a8f          10,860.05      127        7,777.00     3,083.05
   327 73a63f72308aa20a46f4b1632018f196          10,785.79       29        9,606.80     1,178.99
   328 054694fa03fe82cec4b7551487331d74          10,703.75       21        9,983.10       720.65
   329 5882820ef11c4c068eea0677a7a879b4          10,664.81       14        9,925.50       739.31
   330 b92e3c8f9738272ff7c59e111e108d7c          10,645.30       62        8,231.09     2,414.21
   331 cb8bcce248bb1fb274ba762d8b971456          10,635.02       68        9,402.20     1,232.82
   332 9596c870880d900012f2e8e6e30d06d7          10,615.33       22        8,606.25     2,009.08
   333 17306570e772e7718c92a562d33f5f1d          10,600.63       29        9,669.80       930.83
   334 a49928bcdf77c55c6d6e05e09a9b4ca5          10,574.25       98        8,816.70     1,757.55
   335 7b1222c3624aa89b9558b50a2594188c          10,561.09       22       10,103.52       457.57
   336 048c2757535328e0d7dac690ad3c0aae          10,551.06       51        9,264.78     1,286.28
   337 f27e33c6d29b5138fa9967bcd445b6d5          10,482.25       93        8,888.30     1,593.95
   338 5b8154610ebb21fb90eb587365e673df          10,474.98       38        9,397.54     1,077.44
   339 0bae85eb84b9fb3bd773911e89288d54          10,406.40      137        7,482.21     2,924.19
   340 b2ac621f0d0322434d04a12b078b9369          10,356.89       30        9,575.50       781.39
   341 e96498ed8daaa3e9c23f7a62da76591c          10,332.19       34        9,619.09       713.10
   342 febab0275244b9a49a623f0bd613ca2f          10,289.17      109        7,272.42     3,016.75
   343 8e8a7ce9f2f970dc00e2acf6f6e199f6          10,284.82       65        9,101.00     1,183.82
   344 b1a81260566c1bac3114a6d124413f27          10,250.20       51        8,684.69     1,565.51
   345 972d0f9cf61b499a4812cf0bfa3ad3c4          10,240.59       83        8,089.29     2,151.30
   346 d98eec89afa3380e14463da2aabaea72          10,225.31      168        6,968.53     3,256.78
   347 b1fc4f64df5a0e8b6913ab38803c57a9          10,140.99      107        7,994.74     2,146.25
   348 5f2684dab12e59f83bef73ae57724e45          10,123.06       68        9,000.87     1,122.19
   349 3c487ae8f8d7542beff5788e2e0aea83          10,105.35       30        9,385.70       719.65
   350 961dff0a659b4561334372337dd897d9          10,082.56        4        9,946.00       136.56
   351 05feb94f19d094d4b0f9281f0b1d4c99          10,050.04        6        9,353.00       697.04
   352 640e21a7d01df7614a3b4923e990d40c          10,045.12      116        7,598.88     2,446.24
   353 e7df4cd29ab5abab70fb0783ddb53987          10,022.07       23        9,608.70       413.37
   354 7a241947449cc45dbfda4f9d0798d9d0          10,018.10       62        8,027.63     1,990.47
   355 270297ead4c65a6cd2593960d2af6b21           9,968.50       18        9,422.40       546.10
   356 6d803cb79cc31c41c4c789a75933b3c7           9,925.07       58        8,711.40     1,213.67
   357 7d456afc660226829370f3173d14520c           9,857.87       56        8,338.25     1,519.62
   358 2dee2ce60de9709b1a24083217181a1f           9,844.56       54        7,784.50     2,060.06
   359 a00824eb9093d40e589b940ec45c4eb0           9,779.46        3        9,399.97       379.49
   360 3078096983cf766a32a06257648502d1           9,700.90       59        8,285.42     1,415.48
   361 4371b634e0efc0e22b09b52907d9d469           9,678.79      102        8,194.00     1,484.79
   362 ebd2d60905fb58271facef5596b620d3           9,675.02       84        7,941.72     1,733.30
   363 d03698c2efd04a549382afa6623e27fb           9,644.62       18        8,865.47       779.15
   364 6c12e40690c335dbc2f68a4134d30dc1           9,624.26       16        9,139.20       485.06
   365 06df0c10d34e459d9672bc77388742eb           9,595.77       26        9,070.00       525.77
   366 db2956745b3a8e9f3785c99f34b5d25e           9,574.27       47        8,599.00       975.27
   367 2089a6d640999f9b9141ac719b2af596           9,525.94       44        8,830.82       695.12
   368 8a432f4e5b471f8da497d7dc517666e2           9,520.11       95        7,555.00     1,965.11
   369 aac29b1b99776be73c3049939652091d           9,465.52       98        6,755.91     2,709.61
   370 33a17d60c64393351ebf1ef860f4e0f2           9,431.86       43        8,152.48     1,279.38
   371 37515688008a7a40ac93e3b2e4ab203f           9,417.70      228        5,986.60     3,431.10
   372 750303a20e9c56b2a6bc45cdce0b897d           9,394.81       54        8,085.00     1,309.81
   373 6c177e38df6d3f34182b1f1d427231bf           9,376.53       55        8,341.89     1,034.64
   374 af4a0e4cfe1d9c26b6712b1be25a72e5           9,351.60       21        8,757.98       593.62
   375 fdb9095204a334cd8872252ffec6f2db           9,289.37       46        8,156.00     1,133.37
   376 609e1a9a6c2539919b8205cf7c4e6ff0           9,282.42       87        6,595.23     2,687.19
   377 ad781527c93d00d89a11eecd9dcad7c1           9,279.26       44        6,899.57     2,379.69
   378 a2e874074c877c5a05abae80ad6e488f           9,274.80       44        8,071.98     1,202.82
   379 fcb5ace8bcc92f75707dc0f01a27d269           9,273.33       62        8,318.63       954.70
   380 b18dc380845b24038cfc48006478f099           9,248.93       44        8,353.30       895.63
   381 93dc87703c046b603023e75222018b45           9,206.29       35        8,517.35       688.94
   382 4bfc7a4a1cf8d4d2121c27422d9e50b5           9,191.59       26        8,124.40     1,067.19
   383 b4ffb71f0cb1b1c3d63fad021ecf93e1           9,176.07      144        6,656.09     2,519.98
   384 725c32fa80c2faacc4fc88450d27314e           9,166.66       89        7,838.88     1,327.78
   385 7722b1df1b0e383e000397b2c11e3e19           9,165.30      134        7,094.09     2,071.21
   386 403aa86912527d730337ffcb0fb096ab           9,164.51       11        8,959.89       204.62
   387 bd0389da23d89b726abf911cccc54596           9,128.47       87        7,472.16     1,656.31
   388 8e6cc767478edae941d9bd9eb778d77a           9,115.41      106        6,830.58     2,284.83
   389 903037660cf848a717166eb7a06d616e           9,083.28       45        7,991.51     1,091.77
   390 08633c14ef2db992c11f840f04fad4cd           9,068.82       74        7,644.30     1,424.52
   391 52d76513f0c4d97f3b99570e2c94ee31           9,042.36       19        8,153.10       889.26
   392 0432ead42b6c8a0bdf68154add917fdf           8,999.62       85        7,792.10     1,207.52
   393 8648b1e89e9b349e32d3741b30ec737e           8,946.05       95        7,442.55     1,503.50
   394 26d8a1c7c75d513045798992ead43aa2           8,945.78       36        8,244.12       701.66
   395 784ba75dd9d20200c4caed3d7a77141a           8,924.95       21        8,295.13       629.82
   396 989becdce12ebc39863c2bceab6f3ca1           8,893.33       18        7,840.88     1,052.45
   397 6fd52c528dcb38be2eea044946b811f8           8,881.58       67        7,743.02     1,138.56
   398 257e61d3251fb5efb9daadddbc2cf7ca           8,806.18       12        7,729.00     1,077.18
   399 5d0363b33554b373851fc1622e4d5f3c           8,802.97       94        6,610.79     2,192.18
   400 5b925e1d006e9476d738aa200751b73b           8,801.84       63        7,748.50     1,053.34
   401 4e17c65a516f69d023a2ae78b84f28d6           8,794.80       61        7,639.26     1,155.54
   402 8a32e327fe2c1b3511609d81aaf9f042           8,792.04      132        6,429.01     2,363.03
   403 dbb9b48c841a0e39e21f98e1a6b2ec3e           8,768.26      108        7,186.85     1,581.41
   404 b410bdd36d5db7a65dcd42b7ead933b8           8,733.61       44        7,726.90     1,006.71
   405 062ce95fa2ad4dfaedfc79260130565f           8,721.44       55        7,521.00     1,200.44
   406 e333046ce6517bd8bb510291d44f0130           8,699.32       68        7,268.00     1,431.32
   407 1da366cade6d8276e7d8beea7af5d4bf           8,673.73       43        6,917.59     1,756.14
   408 1127b7f2594683f2510f1c2c834a486b           8,673.04      114        6,851.33     1,821.71
   409 ececbfcff9804a2d6b40f589df8eef2b           8,661.06       98        6,792.40     1,868.66
   410 397c4d0c005b6f41f90098ac724e28cb           8,622.37        5        8,177.00       445.37
   411 bbf9ad41dca6603e614efcdad7aab8c4           8,622.26       14        7,846.00       776.26
   412 2c9e548be18521d1c43cde1c582c6de8           8,603.05      126        6,109.44     2,493.61
   413 3bb548e3cb7f70f28e3f11ee9dce0e59           8,586.81       46        7,690.02       896.79
   414 058fd0aa2bfdb2274e05e1ae971dabb6           8,555.80       61        7,667.90       887.90
   415 a420f60ff1aa9acc80d0e42959f2b313           8,543.27       67        7,443.30     1,099.97
   416 cc63f0dd2acba93ffed4fe9f8e0321fa           8,496.68       55        7,096.71     1,399.97
   417 67883baaae6134ee81b271a542613728           8,496.02       19        8,167.90       328.12
   418 52f976b17ea7f2f087f56dcc419328f6           8,492.65        6        7,630.00       862.65
   419 42bde9fef835393bb8a8849cb6b7f245           8,487.84       35        7,703.00       784.84
   420 86bb7c4b535e49a541baf3266b1c95b1           8,487.22       16        8,162.40       324.82
   421 8fb791022c1fc8909664f48ab7dc636d           8,483.35        5        8,119.95       363.40
   422 d51e0a403fe2e689ece6c73359d96e12           8,463.02       19        7,790.00       673.02
   423 4aba391bc3b88717ce08eb11e44937b2           8,435.21       29        7,595.87       839.34
   424 282f23a9769b2690c5dda22e316f9941           8,386.96       99        6,505.08     1,881.88
   425 6a51fc556dab5f766ced6fbc860bc613           8,370.25       26        7,577.67       792.58
   426 6bd69102ab48df500790a8cecfc285c2           8,359.02        5        8,070.00       289.02
   427 381c83fdca332ea6afd896da20bf6e4a           8,355.01       46        7,355.80       999.21
   428 e2aee0892199b1d92530e371abd825bf           8,317.29       38        5,662.57     2,654.72
   429 aced59e9b31ef866a94f9e7f29d8d418           8,315.80       61        7,268.50     1,047.30
   430 c26a2be5b53b7db6b276280da212a779           8,288.85       13        7,482.00       806.85
   431 54065e9aef7e9e9c2dc23b7594db021a           8,283.43       14        8,003.00       280.43
   432 34056b8b55c1775a22af2331670a799c           8,229.89       78        6,455.40     1,774.49
   433 6a8b085f816a1f75f92dbac6eb545f8f           8,196.96      127        6,018.97     2,177.99
   434 dbdd0ec73a4817971d962698f2fea022           8,174.80       16        6,384.00     1,790.80
   435 e0a366315b1b726b6c7832d664c0f530           8,145.17       43        7,400.09       745.08
   436 cee48807215b30a12ca2ca10ffb5f250           8,125.52       39        7,212.23       913.29
   437 b14db04aa7881970e83ffa9426897925           8,123.95       83        5,898.60     2,225.35
   438 7bac63f6603d382cc8d0832eb6c100a8           8,114.60       19        7,751.95       362.65
   439 8476243f92442881ddd5b578975cf115           8,113.03       12        7,838.00       275.03
   440 516e7738bd8f735ac19a010ee5450d8d           8,109.32       76        6,643.09     1,466.23
   441 b347677812ea483b0f528eaf8cbc09b7           8,051.34       21        7,288.99       762.35
   442 670c26e0f1bf8d0576271d5cfaec6d2b           8,035.63       78        6,341.60     1,694.03
   443 d13e50eaa47b4cbe9eb81465865d8cfc           8,012.84       67        7,155.05       857.79
   444 11305281b50fff20ae8bb473f8e11876           7,973.21       35        6,528.70     1,444.51
   445 dee656f0f566ed1aa85bd137c943f08f           7,968.67       93        6,271.98     1,696.69
   446 f84a00e60c73a49e7e851c9bdca3a5bb           7,951.76       90        5,949.94     2,001.82
   447 6fa9202c10491e472dffd59a3e82b2a3           7,939.25        3        7,014.24       925.01
   448 080102cd0a76b09e0dcf55fcacc60e05           7,912.71      124        5,716.78     2,195.93
   449 58f1a6197ed863543e0136bdedb3fce2           7,903.69       44        6,833.00     1,070.69
   450 688756f717c462a206ad854c5027a64a           7,901.45       83        5,966.54     1,934.91
   451 f1fd5ab1181f827ffad998c1a5de7d74           7,877.96       15        7,045.99       831.97
   452 fa1a9dec3a9940c072684a46728bf1fc           7,875.71       55        6,674.00     1,201.71
   453 bacb1f0ed56ad24198f5810d2b3fe9a5           7,833.39       42        6,940.45       892.94
   454 6b243f80ed07b10f0e8aa0f21a205f3c           7,807.40       79        6,260.10     1,547.30
   455 f25e239052084705e17a982bc600ab2a           7,785.48        8        7,380.00       405.48
   456 d624126b9206f595fb3fbb6ba03b28a8           7,768.50       23        7,198.80       569.70
   457 8c16d1f32a54d92897cc437244442e1b           7,754.67      108        5,642.60     2,112.07
   458 512d298ac2a96d1931b6bd30aa21f61d           7,723.87       11        7,401.94       321.93
   459 87e24fc7052259b1f7f607d61c10d8be           7,709.86        8        7,473.49       236.37
   460 751bdc4d83a466c7206cd42e8f426b03           7,703.74       54        6,648.93     1,054.81
   461 dd55f1bb788714a40e7954c3be6df745           7,701.18       35        7,041.76       659.42
   462 376a891762bbdecbc02b4b6adec3fdda           7,693.63       57        6,406.23     1,287.40
   463 014c0679dd340a0e338872e7ec85666a           7,686.31       14        7,058.00       628.31
   464 d9bd94811c3338dceb4181f3dbc0c73e           7,682.11       54        6,911.02       771.09
   465 83e197e95a1bbabc8c75e883ed016c47           7,680.06       47        6,693.69       986.37
   466 ff1fb4c404b2efe68b03350a8dc24122           7,666.95       46        6,771.00       895.95
   467 63b464dbf392c7b80d12d932fa7cafed           7,662.25       37        6,781.00       881.25
   468 54219883e72aad869adfb2a54b7bfa0f           7,579.55        5        6,750.00       829.55
   469 31ae0774c17fabd06ff707cc5bde005f           7,570.67       11        6,719.85       850.82
   470 57e632711dec9ec14ca7546769483e7e           7,558.04       62        6,350.06     1,207.98
   471 f46490624488d3ff7ce78613913a7711           7,550.67       83        5,802.85     1,747.82
   472 30829ded4523ab9224b93bc49a62c95f           7,549.71       18        6,911.71       638.00
   473 b19f3ca2ea475913750f25a5c37c8d8f           7,549.55       24        6,202.91     1,346.64
   474 9616352088dcf83a7c06637f4ebf1c80           7,490.57       92        5,703.00     1,787.57
   475 3340ef1913fb70d28420f6ceb685c339           7,481.55       32        6,731.15       750.40
   476 ade45994b717ccee333492330fbf037b           7,479.63       10        7,196.00       283.63
   477 e5e33c0d8e7e002f398f5dc4cbbb338f           7,477.33       28        6,698.70       778.63
   478 679769a98cfcc6da877c8486ff1c13f3           7,467.39       21        7,029.00       438.39
   479 ba143b05f0110f0dc71ad71b4466ce92           7,453.59       85        6,110.58     1,343.01
   480 a4b6b9b992b46e9ef863637af96e04bc           7,452.36        7        7,147.00       305.36
   481 7dc8c42cc750eeafea6c85712ffee9bf           7,445.09       41        6,409.68     1,035.41
   482 05d2173d43ea568aa0540eba70d2ca76           7,438.93       62        5,759.66     1,679.27
   483 5b67882648febfb6e1225e6ad7164f6b           7,432.42       27        6,813.48       618.94
   484 0873d9f8f36123f8d910f4760e788cfb           7,426.65        6        7,265.59       161.06
   485 2a261b5b644fa05f4f2700eb93544f2c           7,396.73       51        5,355.00     2,041.73
   486 0691148aee60ca47977c187804f935ae           7,359.45       47        5,868.51     1,490.94
   487 6f892e20a171e98efe17fdb971ff319b           7,342.86       44        6,438.70       904.16
   488 b8630e1121437d41cb08e3c749c2c2e2           7,334.10       12        6,988.00       346.10
   489 b3b17aab11f273023a5f22ca52e1eb70           7,325.35        7        6,850.00       475.35
   490 40d54b51e962dbe09cabbcfd33298dee           7,323.25       30        6,785.56       537.69
   491 3ade81dab5a172b88e1871c28ae05260           7,302.99       30        5,751.60     1,551.39
   492 4c03b9dd4c11ee2cb35c96c49efc9420           7,302.33       48        6,458.60       843.73
   493 bd4889b5e9133b35b66e42a8665cea5c           7,256.54       36        6,271.90       984.64
   494 3be634553519fb6536a03e1358e9fdc7           7,226.65       83        5,370.95     1,855.70
   495 cfa5ab0e4d3fc212fd0b3410e7081c62           7,219.81       16        6,180.80     1,039.01
   496 5670f4db5b62c43d542e1b2d56b0cf7c           7,212.65       22        6,630.09       582.56
   497 02f623a8eb246f3c5f7c2f96462654e6           7,207.63       44        6,378.00       829.63
   498 ff4ea69c2a729e83e63c7579e4ef8170           7,188.62        9        7,017.00       171.62
   499 455c5640e8c5bd1b2ee85c0158f85727           7,186.89        8        6,729.50       457.39
   500 ea67327e24487bdfac5fbfa37ea124df           7,180.28       32        6,250.18       930.10
   501 537eb890efff034a88679788b647c564           7,178.90      160        4,679.70     2,499.20
   502 33dd941c27854f7625b968cc6195a552           7,168.41        5        6,787.50       380.91
   503 91f848e9f4be368f4318775aac733370           7,168.16       63        5,932.60     1,235.56
   504 4b5f66b7adcf57f1ecc0d3c07dd6b177           7,115.96       23        6,381.78       734.18
   505 e3b4998c7a498169dc7bce44e6bb6277           7,114.69        3        6,897.90       216.79
   506 e8b4225284fbb02d16f200513f1f395d           7,086.13       31        5,788.52     1,297.61
   507 a63bfbaa882c8f4542891b4e2246cc7f           7,036.19        7        6,772.00       264.19
   508 67bf6941ba2f1fa1d02c375766bc3e53           7,029.68       16        5,610.00     1,419.68
   509 33c51922b6e3c16b24a8f28e5833c99d           7,025.88       18        6,657.87       368.01
   510 b2479f944e1b90cf8a5de1bbfde284d6           6,992.22      103        4,752.51     2,239.71
   511 b6d44737c043328708f6749c2dbe50bd           6,935.20       62        5,369.60     1,565.60
   512 80ceebb4ee9b31afb6c6a916a574a1e2           6,922.21        1        6,729.00       193.21
   513 e9d99831abad74458942f21e16f33f92           6,916.06      130        4,922.48     1,993.58
   514 f12ff17ad8bbf01ec5c33b17e506649b           6,892.73       29        6,241.00       651.73
   515 50c9975695009e5e6473912e83a6d1da           6,883.95       50        3,964.40     2,919.55
   516 2fdde51ad3e12f297da656d4fbd5d0b5           6,874.14       10        6,252.00       622.14
   517 0bf0150d5b9d60d9cd2906003332f085           6,872.34       39        5,774.60     1,097.74
   518 dfc5fb7259bb2b599ca565e6e9448f0f           6,845.98       33        6,124.63       721.35
   519 abe021b01ba992245271b9aa422032df           6,837.24        2        6,720.00       117.24
   520 eb3071b9f0b0ddaa2df5ea130f09f26b           6,811.42        9        6,230.00       581.42
   521 bba74270a87732727b5a3b4fd9ac1c39           6,760.44       36        6,001.59       758.85
   522 3df020b72d3d44b3af9d110fa3940b65           6,749.47       55        5,039.90     1,709.57
   523 b4a476fbd28de64b1e347abf9089366a           6,735.95       33        5,724.04     1,011.91
   524 ee27a8f15b1dded4d213a468ba4eb391           6,726.66        1        6,499.00       227.66
   525 98dac6635aee4995d501a3972e047414           6,675.37       91        4,235.85     2,439.52
   526 9baf5cb77970f539089d09a38bcec5c3           6,673.40       32        6,129.67       543.73
   527 f4c4daa86e30c7e5a553a8d518ac03a5           6,671.20       20        6,301.91       369.29
   528 f181738b150df1f37cb0bd72e705b193           6,632.75       36        5,529.70     1,103.05
   529 4917cee8d902e13428c3ec4b1ca6f315           6,621.54       33        5,421.90     1,199.64
   530 45ba18c210d42734ec52c0c1c574e9ee           6,562.09       38        5,589.13       972.96
   531 dfa0c4c6229ab200a4a1336b4d7128ff           6,544.21       77        4,777.10     1,767.11
   532 94e93ce877be27a515118dbfd2c2be41           6,542.72       30        5,674.57       868.15
   533 2528744c5ef5d955adc318720a94d2e7           6,508.70        5        6,245.00       263.70
   534 dbd66278cbfe1aa1000f90a217ca4695           6,472.77       85        4,928.90     1,543.87
   535 0d85bbda9889ce1f7e63778d24f346eb           6,469.70       51        4,845.20     1,624.50
   536 23613d49c3ac2bd302259e55c06c050c           6,460.76       70        4,293.00     2,167.76
   537 7d76b645482be4a332374e8223836592           6,431.54      176        3,843.93     2,587.61
   538 d6b664fa0667064c6d76394e7848d790           6,404.34        6        6,080.00       324.34
   539 02d35243ea2e497335cd0f076b45675d           6,399.95       14        5,794.00       605.95
   540 52ac6f920b7280e4c6d30dd94de6259b           6,383.89        6        5,657.30       726.59
   541 fc906263ca5083d09dce42fe02247800           6,383.28      114        4,497.70     1,885.58
   542 709e16e2b25c7474d980076c6bfc4806           6,378.86       60        5,151.90     1,226.96
   543 e62b2d6ac10570a035a30bafcf01d263           6,375.47       62        5,340.39     1,035.08
   544 1336efc61c316ddf92c899eb817f7cae           6,355.29       74        4,837.31     1,517.98
   545 04aa0a1c5ce6b222003403a3e11c3cc0           6,339.51       11        5,518.00       821.51
   546 f84fa566034f5e8e880a07ec624c56af           6,326.70       91        5,093.79     1,232.91
   547 817245bcc3badd82bbd222e0366951a6           6,303.08       29        5,580.50       722.58
   548 9674754b5a0cb32b638cec001178f799           6,284.83       86        5,069.92     1,214.91
   549 83deb69e889cf80f82be1dc6d5f2d486           6,276.65       40        5,363.01       913.64
   550 afe0067131b73e40875c9b6c10bd2e21           6,255.85       46        5,130.40     1,125.45
   551 b39d7fe263ef469605dbb32608aee0af           6,255.77       44        5,193.10     1,062.67
   552 06579cb253ecd5a3a12a9e6eb6bf8f47           6,226.61       62        4,727.20     1,499.41
   553 23c38debaffe4a25a30fdbd9b586a13f           6,216.56       41        5,382.18       834.38
   554 abcd2cb37d46c2c8fb1bf071c859fc5b           6,200.62       45        4,880.22     1,320.40
   555 7e3f87d16fb353f408d467e74fbd8014           6,193.70       92        4,754.99     1,438.71
   556 575df70bde3f9f2b30bf8d2e9910d725           6,163.42       27        5,410.05       753.37
   557 1bb2bdb95f4841f1bba2c0d2cd83d3c9           6,149.27       81        5,002.71     1,146.56
   558 0cbcee27c791afa0cdcb08587a2013a8           6,141.31       39        5,324.15       817.16
   559 d566c37fa119d5e66c4e9052e83ee4ea           6,124.92       65        5,145.70       979.22
   560 835f0f7810c76831d6c7d24c7a646d4d           6,094.03       44        5,130.00       964.03
   561 d66c305afaec317ebee552073a674429           6,085.70       41        4,886.46     1,199.24
   562 f680f85bee2d253556ac91be391d2c82           6,077.34       45        5,183.92       893.42
   563 cc3d14116804f7209f3884f6367f1152           6,060.59       27        5,477.80       582.79
   564 8bb48dc19fccaa8613b6229bf7f452a2           6,048.12       82        4,190.72     1,857.40
   565 e067ad2c1c0b48758eb1b5228bcf7a68           6,047.91       54        5,042.55     1,005.36
   566 f67efa3f0b6761102a7f8c6b7b571f5d           6,030.17       31        5,188.68       841.49
   567 0176f73cc1195f367f7b32db1e5b3aa8           6,020.11       38        4,733.10     1,287.01
   568 c35affa65afd250151285c5917fc1c8a           5,993.92        9        5,279.91       714.01
   569 9add47bf45ce8e8c7db6b9cf670b1e09           5,987.28       43        4,829.24     1,158.04
   570 916c9de0b5ad957346eeeb12f332687e           5,973.78       23        5,480.25       493.53
   571 f7496d659ca9fdaf323c0aae84176632           5,932.51       26        5,087.57       844.94
   572 acce39e832338debb07b02385cde5967           5,923.66       44        4,748.10     1,175.56
   573 8b9d6eec4a7eb7d0f9d579ce0b38324d           5,916.98       49        4,232.54     1,684.44
   574 099095b050cfe8eb1ddff5317587e96e           5,909.15       17        5,193.83       715.32
   575 e06f09ec0a4aca210779cf1cfc63cf19           5,901.41       29        5,279.49       621.92
   576 3ab971ce71839580d2ae5b4e40fe8044           5,899.05       36        5,002.90       896.15
   577 2ff97219cb8622eaf3cd89b7d9c09824           5,866.03       89        4,476.90     1,389.13
   578 3c7c4a49ec3c6550809089c6a2ca9370           5,858.30      141        4,033.64     1,824.66
   579 5b179e9e8cc7ab6fd113a46ca584da81           5,839.14       34        5,173.50       665.64
   580 30a2f535bb48308f991d0b9ad4a8c4bb           5,815.36       71        4,731.30     1,084.06
   581 b561927807645834b59ef0d16ba55a24           5,807.03       85        4,501.99     1,305.04
   582 bbad7e518d7af88a0897397ffdca1979           5,800.42       69        4,462.22     1,338.20
   583 55d3daac7c404d59e51c2aa2f4dc5a23           5,790.48       21        4,480.60     1,309.88
   584 d63c73efd41eb002280e7ec831424edb           5,766.59        2        5,598.00       168.59
   585 c4af86330efa7a2620772227d2d670c9           5,760.96        4        5,396.00       364.96
   586 02ecc2a19303f05e59ce133fd923fff7           5,742.40       21        5,264.19       478.21
   587 45d33f715e24d15a6ccf5c17b3a23e3c           5,742.16       59        4,838.23       903.93
   588 f789d2c4f2c2eb38fc4373e7a4b35264           5,733.24       44        4,864.24       869.00
   589 cac4c8e7b1ca6252d8f20b2fc1a2e4af           5,722.54       75        4,168.18     1,554.36
   590 d20b021d3efdf267a402c402a48ea64b           5,715.17       90        4,140.17     1,575.00
   591 1a932caad4f9d804097d7f8e615baed1           5,701.45       20        4,661.00     1,040.45
   592 5bffbafbb22daf6d3bfc216a46db8708           5,694.20       21        5,239.70       454.50
   593 822bad9bc42b51213ba522fe87b7ab5d           5,687.34       18        5,160.00       527.34
   594 582d4f8675b945722eda7c0cb61ba4c7           5,683.93       59        4,702.96       980.97
   595 fcdd820084f17e9982427971e4e9d47f           5,665.74       16        4,783.99       881.75
   596 3f0e48d209018b466fcd3bb4ccfeb520           5,654.80        9        5,399.00       255.80
   597 fad44952713764836814be105382aee5           5,636.88       32        5,129.00       507.88
   598 2a7dc43cecabf23403078e2188437d1d           5,629.62       52        4,795.91       833.71
   599 ad420dd0c4f92f8af951ac24b86d0cf5           5,618.40       42        4,705.29       913.11
   600 11bfa66332777660bd0640ee84d47006           5,608.54       76        3,925.87     1,682.67
   601 e0878efa0e0b7e5313ac0b43bc04c081           5,594.91       27        5,065.30       529.61
   602 a3f0b55de503387383c7b1de3ad7f678           5,577.74       24        4,348.40     1,229.34
   603 cc5a78bbad32776dc4e3af205218368c           5,573.35       33        4,269.18     1,304.17
   604 ef990a83bbea832f36ebe81376335aa8           5,557.24       43        4,642.59       914.65
   605 822166ed1e47908f7cfb49946d03c726           5,535.95       69        3,714.83     1,821.12
   606 4bf2f4ee540798a61f9636d12cd9cc80           5,501.01       29        4,995.56       505.45
   607 d379f449f2a3b271bc01c0782020f705           5,499.80       28        4,423.06     1,076.74
   608 d673a59aac7a70d8b01e6902bf090a11           5,499.56       79        3,908.94     1,590.62
   609 834f8533b2ecb6598dd004ff3de7203a           5,496.31       43        4,538.29       958.02
   610 951e8cef368f09bb3f3d03c00ca4702c           5,493.09       64        4,092.29     1,400.80
   611 e9c6969d40e6a3d2d0f90013165c2b98           5,481.98       10        5,239.98       242.00
   612 4d0041cdbe51b4617d95c70b19decc74           5,465.49        8        5,235.20       230.29
   613 891071be6ba827b591264c90c2ae8a63           5,454.35       92        4,177.28     1,277.07
   614 0ef83d7d83ed97cd2a0049ac8be5f88a           5,447.81       48        4,421.01     1,026.80
   615 42b729f859728f5079499127a9c2ef37           5,434.07      104        4,118.86     1,315.21
   616 c68fb906c8f4b4b946d8386bfa6e5467           5,433.61       45        4,541.16       892.45
   617 8bd0f31cf0a614c658f6763bd02dea69           5,423.32       33        4,455.34       967.98
   618 db4350fd57ae30082dec7acbaacc17f9           5,421.64      137        3,331.31     2,090.33
   619 a3dd39f583bc80bd8c5901c95878921e           5,412.16       34        4,607.81       804.35
   620 4c498c7345e89aebad651544829beca0           5,389.76       48        4,819.76       570.00
   621 45213867cefbf2cd4c6177e10216a951           5,389.16       14        4,955.42       433.74
   622 503c1de08ae81a2d86f17951b204db55           5,321.90       22        4,906.99       414.91
   623 6860153b69cc696d5dcfe1cdaaafcf62           5,318.23       74        3,827.63     1,490.60
   624 715bbd5ba4e6b74cb0d2f29eb45058b0           5,315.88       62        4,043.30     1,272.58
   625 beadbee30901a7f61d031b6b686095ad           5,311.52       64        4,373.98       937.54
   626 65febd49fd28ec955651299159b1f527           5,301.14       35        4,319.70       981.44
   627 ce69a8021d18961dd2a40269b7c2c293           5,289.05       19        4,818.00       471.05
   628 c12b92bf1c350f3e6bf88d3596219c86           5,252.84       17        4,808.78       444.06
   629 c9a06ece156bb057372c68718ec8909b           5,229.62       14        4,688.90       540.72
   630 eed78ac17f7f795a19a709745f00cd4e           5,195.84       22        4,349.50       846.34
   631 d12c926d74ceff0a90a21184466ce161           5,192.82       78        3,944.18     1,248.64
   632 99002261c568a84cce14d43fcffb43ea           5,188.33       36        4,088.00     1,100.33
   633 0509040ea3fe50071181bbc359eb7738           5,183.10       89        3,737.95     1,445.15
   634 9df5750209b83567ec144eb299d7d634           5,176.30       11        4,917.00       259.30
   635 b17b679f4f5ce2e03ce6968c62648246           5,160.82       55        4,084.75     1,076.07
   636 232a6014e7b10cba61c6c2b2ea6bb4b0           5,133.27       33        3,919.87     1,213.40
   637 f0b47fbbc6dee9aafe415a6e33051b3f           5,132.19       68        3,795.91     1,336.28
   638 6fc26fe110feebd80a433e1f012a84f9           5,128.06       35        4,150.87       977.19
   639 1fe5540d7c1c37a595fefbacd5570d9e           5,118.75       20        4,537.60       581.15
   640 822b63912576852aea9a8436d72317b7           5,097.07        8        4,905.69       191.38
   641 8931a84a914b3fe9b1ddaa4d704947ca           5,092.89       29        4,668.30       424.59
   642 b90e891671cffd9557f33a97dc523645           5,081.31       34        4,449.00       632.31
   643 5c030029b5916fed0986310385ec9009           5,079.90        7        4,164.40       915.50
   644 8a130737016f838139d31878787a39c9           5,064.32       56        4,222.03       842.29
   645 6ec1a01e866584bb679eb9b098345919           5,063.76       31        4,248.91       814.85
   646 bccf933e006e9b94a6184af782963e77           5,047.21       45        4,162.74       884.47
   647 31da954dc0855f2495c6310f70a2f931           5,032.71       29        4,583.00       449.71
   648 99a54764c341d5dc80b4a8fac4eba3fb           5,026.26       45        3,708.76     1,317.50
   649 15aac934c58d886785ac1b17953ea898           5,019.60       25        4,353.90       665.70
   650 37dd29b36c458d82f74a953c40c43645           5,016.43        7        4,536.99       479.44
   651 827f8f69dfa529c561901c4f2e0f332f           5,003.96       91        3,408.39     1,595.57
   652 0307f7565ff85b299b6e5ef162b1b1a9           5,003.57        7        4,728.80       274.77
   653 8f580d36c1e9d6fbce95283403c7d447           4,993.40        8        4,813.25       180.15
   654 e81e1f9c3e762e620f3fb60a51499e16           4,979.49       17        4,465.99       513.50
   655 382229d1e840115ffe3dbf5ff460e417           4,966.62       46        4,096.96       869.66
   656 6b3bd31ad8fcda4b2635ec9f3ff2ecdf           4,955.92       36        4,198.90       757.02
   657 fde0cc9ea29c8ccfc0a2c22256a58c71           4,921.27       35        3,922.00       999.27
   658 3c03b12bab54d8b37d79d914bfdb1aa0           4,919.77       37        4,236.34       683.43
   659 1b938a7ec6ac5061a66a3766e0e75f90           4,897.83       30        3,987.60       910.23
   660 cb41bfbcbda0aea354a834ab222f9a59           4,888.68       12        4,002.00       886.68
   661 c840d3fdbba0790404fdae73d253b253           4,881.93        9        4,522.28       359.65
   662 b76dba6c951ab00dc4edf0a1aa88037e           4,881.88      159        2,574.78     2,307.10
   663 ec8879960bd2221d5c32f8e12f7da711           4,881.38       36        4,062.40       818.98
   664 968268a686aa05d1f529fb07dff08130           4,880.84       12        4,677.29       203.55
   665 2addf05f476d0637864454e93ba673d5           4,877.64       12        4,552.00       325.64
   666 f6122bc84774df1b372bdb3bb88ddb9f           4,874.36        3        4,799.87        74.49
   667 c004e5ea15737026cecaee0447e00b75           4,874.32        2        4,700.00       174.32
   668 55a5b51f93f2b70ea513f5a047b0262a           4,849.38       39        4,002.30       847.08
   669 e49c26c3edfa46d227d5121a6b6e4d37           4,829.71       35        3,654.25     1,175.46
   670 f3da5b2ff499efb8d4a6d371d175d7dd           4,826.86       79        3,702.29     1,124.57
   671 95f83f51203c626648c875dd41874c7f           4,826.51       52        3,217.46     1,609.05
   672 8f119a0aee85c0c8fc534629734e94fd           4,826.45       77        3,733.68     1,092.77
   673 6288c69c4ce638e59925e59193f98b16           4,812.48       22        4,506.28       306.20
   674 43f8c9950d11ecd03a0304a49e010da6           4,807.22       41        4,249.59       557.63
   675 9803a40e82e45418ab7fb84091af5231           4,791.38       11        4,278.75       512.63
   676 2e3be8a987a30d7544dbbda6861cc14e           4,777.55       18        4,430.84       346.71
   677 520b493b57809f446cb0a233bb3e25c7           4,762.87       63        3,698.90     1,063.97
   678 cd6efc47efaabf134f8bdb654e10b4f1           4,757.16       31        4,158.55       598.61
   679 13d058e4eeac2ce8217660b2f8a05812           4,755.88       23        3,829.77       926.11
   680 f76a3b1349b6df1ee875d1f3fa4340f0           4,748.98       24        4,160.79       588.19
   681 3f3486b61f45078d4f31ee5e43d8c5bb           4,726.57       40        3,829.73       896.84
   682 180c3376aff0e43dd5788709df48a843           4,722.97        5        4,513.00       209.97
   683 81f89e42267213cb94da7ddc301651da           4,721.18       46        3,955.00       766.18
   684 13fa2a6c6b9d0f43cb588d7c82117a12           4,719.44        9        4,528.00       191.44
   685 602044f2c16190c2c6e45eb35c2e21cb           4,677.44       50        3,739.16       938.28
   686 1eade46fba20122dc4aefb379f8c636b           4,673.71       58        3,635.37     1,038.34
   687 f97e2b0650c2068227e1d366140eb62f           4,665.98       16        3,654.00     1,011.98
   688 c500367424994318b9e779ff1ae9a330           4,658.39        9        4,346.40       311.99
   689 8cbac7e12637ed9cffa18c7875207478           4,654.35       67        2,990.98     1,663.37
   690 bf3c6d2a28b2b5501e6c15448982dcc9           4,648.15       35        3,956.50       691.65
   691 2199e7fe213c16213bf5d6a7eadc9a5d           4,647.78       25        4,078.29       569.49
   692 6a0cbc8af2e8abd1bdfb777943d174c6           4,639.42       35        3,894.05       745.37
   693 4d600e08ecbe08258c79e536c5a42fee           4,633.46        8        4,465.34       168.12
   694 3f995f07c49d0d55a99d5c54957f7d81           4,627.20       43        3,955.70       671.50
   695 406822777a0b9eb5c50e442dd4cd3ec5           4,596.34       45        3,648.08       948.26
   696 d5ba419e26d246a0719437cf37d9b46d           4,581.51       34        4,061.40       520.11
   697 681fce914360217db47784ae28905a96           4,571.80       23        4,127.33       444.47
   698 271c58a1d139c45eaf3316107c6d3a3b           4,568.71       29        3,897.52       671.19
   699 8ed8ea9a57c862f2c18c2fe41f601d56           4,562.97       19        3,831.90       731.07
   700 f4aba7c0bca51484c30ab7bdc34bcdd1           4,557.50      110        3,009.79     1,547.71
   701 6b333a05bf188ef3e1f1662a86bd9855           4,554.88       12        3,990.91       563.97
   702 e883aa812c37a7413226856f4579fe91           4,554.46       26        4,097.10       457.36
   703 238fac594e170b59c6d228f5a4f4f1d9           4,545.52       29        3,126.00     1,419.52
   704 3361277dc30b7cccdb0c286b24219756           4,540.90       29        3,905.05       635.85
   705 f021c962aaba8ef6eb527a9c2c8394d1           4,533.87        5        4,398.50       135.37
   706 1fdc574883ef3b33ad41562d93f3a74a           4,524.27       18        4,251.00       273.27
   707 4559697a8f7e637227c2eeaed843baff           4,474.27       42        3,696.00       778.27
   708 7f152321c60a266edc53af1925ef96c1           4,471.92       20        3,919.80       552.12
   709 56642bcb79900e777d68e91915cb4267           4,471.79       48        3,657.64       814.15
   710 f00e21b1e91a79653163b7fd8f293ff1           4,471.06       31        3,900.09       570.97
   711 282c7480173bb9c01dd41cc739fec010           4,466.31        5        4,274.20       192.11
   712 02f5837340d7eb4f653d676c7256523a           4,463.88       30        3,883.05       580.83
   713 66dc1b1632bd6a3e508510c5b3492107           4,449.26       37        3,721.39       727.87
   714 14d7985702e72162bbf13b6beb74ab2b           4,441.00       37        3,887.00       554.00
   715 870d0118f7a9d85960f29ad89d5d989a           4,428.03       45        3,157.20     1,270.83
   716 38e679b9e0064cd94c6f035707344dae           4,418.10       28        3,694.51       723.59
   717 6bb0724edf0b62fb91ac404873a97241           4,416.52       17        3,653.00       763.52
   718 1b8356dabde1d35e17cef975c3f82730           4,413.61       56        3,426.39       987.22
   719 070d165398b553f3b4b851c216b8a358           4,396.75       32        3,393.16     1,003.59
   720 3d8fa2f5b647373c8620330c4e077a9f           4,390.55       43        3,571.73       818.82
   721 79ed755314cfe6df0daef2c6cd3022cd           4,366.66       23        3,907.50       459.16
   722 edf96ef93ed595084bbcbd9224bd2894           4,365.78       25        3,757.00       608.78
   723 96804ea39d96eb908e7c3afdb671bb9e           4,365.76       38        3,610.70       755.06
   724 2745f798279e0ed033addcc1474776d7           4,364.99       32        3,668.53       696.46
   725 42fa4ee7240e9b8eb4576358ec142ba7           4,364.47       22        3,845.70       518.77
   726 3c4e0452bff7a2a788179488d3d77032           4,352.52       32        3,746.40       606.12
   727 9b1585752613ec342d03bbab9997ec48           4,349.04        3        4,248.98       100.06
   728 ed4311e67debd72b8610a5347a743087           4,342.81       25        3,636.00       706.81
   729 6481e96574816ead57975da2c0f6d80d           4,340.86       32        3,324.90     1,015.96
   730 8b2492b7ff4468839593fafeed55bad9           4,336.26       29        3,660.08       676.18
   731 276677b5d08786d5dce7c2149dcce48b           4,320.64       33        3,522.00       798.64
   732 4c18691b6037662be2df78a765d98ab5           4,316.51       63        3,195.52     1,120.99
   733 2e13c71026e1a39ba5cc1b86dcb679aa           4,310.21       24        3,793.00       517.21
   734 e8f6dc8e6a1dcde89d20e3995c8d90b3           4,308.02       36        2,256.34     2,051.68
   735 23a0ffca143a15b9b5bbdb7d552f626a           4,304.28       23        3,718.51       585.77
   736 8c3b533c63cca56240f94f1e3a6b18ef           4,301.77        5        3,312.16       989.61
   737 8090490573c6c0aa343a7231ebcb8c86           4,298.03       26        3,871.12       426.91
   738 a44fb5a447105f8469bdf16bf9159f25           4,292.71       19        3,706.10       586.61
   739 c731d18cea9bf687ffee82a241c25b11           4,272.65       24        3,662.00       610.65
   740 df560393f3a51e74553ab94004ba5c87           4,267.33       28        3,661.18       606.15
   741 a0415d9b25ede3c4b1e477e9916ffc03           4,247.98       10        4,044.10       203.88
   742 9646c3513289980f17226a2fc4720dbd           4,247.32       71        3,039.30     1,208.02
   743 5f5b43b2bffa8656e4bc6efeb13cc649           4,232.65       27        3,677.20       555.45
   744 2d2c62bef4c8ba0dd74e0e228e808539           4,230.48       16        3,749.00       481.48
   745 994f04b3718c2bab35c2adfa8afecd2a           4,221.21       49        3,445.70       775.51
   746 e7d5b006eb624f13074497221eb37807           4,220.42       28        3,478.93       741.49
   747 f35b3c613c4f7b2275f4185d0a3c59ec           4,214.29        9        4,047.25       167.04
   748 643214e62b870443ccbe55ab29a4dccf           4,199.78       66        3,270.13       929.65
   749 2a167ca73899c85001a837d8fb4962f6           4,197.62        2        4,097.00       100.62
   750 08cdbae123ff67ca4e36d9d641ce0119           4,195.46        4        3,098.99     1,096.47
   751 bede56095ba33c42038fb85f707b8a42           4,184.77        2        3,973.90       210.87
   752 21e83881401b92b49fb09a16d3852291           4,182.53       14        3,588.05       594.48
   753 5d3bb11474a06bdc23fb9e89f1164ee0           4,178.82       31        3,654.60       524.22
   754 3bdff180c7e1f6551a643b99c265a120           4,161.86       59        3,114.90     1,046.96
   755 71039d19d4303bf9054d69e9a9236699           4,158.65       35        3,537.20       621.45
   756 e70053bf73d1b5863932e53a9fa47496           4,158.58        7        4,025.00       133.58
   757 38874e327ce94d11390b96eb42d61928           4,158.43        6        3,779.94       378.49
   758 2d50d6282f8aa2257819a77bfaa0efe0           4,151.52       44        3,353.48       798.04
   759 33ac3e28642ab8bda860a2f693000e78           4,151.12       34        3,661.03       490.09
   760 594f9aaa48e5bf431f011ddc5669b0d5           4,136.41       37        3,248.80       887.61
   761 5d9dc90a686a8fddacffab6bab5653a3           4,131.27       12        3,761.94       369.33
   762 d57e18d5f73c7ccb7f7339b61166898d           4,111.19       61        3,187.70       923.49
   763 c0563dd588b775f2e37747ef6ad6c92c           4,094.68       28        3,697.20       397.48
   764 77e4abfd739aed9c46480f90f81c0eb4           4,092.21       18        3,736.99       355.22
   765 1838dd9b8977065acf51d95e0053ea7a           4,075.88       64        2,820.30     1,255.58
   766 b1fecf4da1fa2689bccffa0121953643           4,066.72       19        3,669.64       397.08
   767 6b90f847357d8981edd79a1eb1bf0acb           4,059.73       45        3,322.08       737.65
   768 cfd7ddab722b902f7ac5b5f3ba6d723d           4,058.11       12        3,385.03       673.08
   769 f0837c8d71434931d9e38e7b79234797           4,049.36       22        3,446.90       602.46
   770 a2b5b6105ea5942300631d2e76f4ffe0           4,009.34       16        3,286.69       722.65
   771 3c010235b7345c92f125d14ee232a76b           4,005.32       15        3,578.00       427.32
   772 7f2617c58d5d06806987308b45654351           3,983.27       22        3,656.80       326.47
   773 dd533b429f380718b70ad9922c294bae           3,970.98       41        2,819.77     1,151.21
   774 4da0e408c99d2fdc2126dc9fce518060           3,964.73       44        3,026.00       938.73
   775 b1ac6ea7895bc3dd6f0f6f4abbdd2821           3,964.33       40        3,139.00       825.33
   776 432c37c9dfba871172ec162e20118b8c           3,938.54       46        2,968.87       969.67
   777 eb4df17aed01d918c65f0f8d650900c0           3,925.46       11        3,739.87       185.59
   778 f7ccf836d21b2fb1de37564105216cc1           3,910.44       70        2,787.40     1,123.04
   779 f4db9b37944bcb8873e6b456ee190bbf           3,909.94       21        3,409.78       500.16
   780 a17f621c590ea0fab3d5d883e1630ec6           3,901.54       65        2,778.58     1,122.96
   781 ec80e49e69745ab6c14f984bf2149423           3,897.31       12        3,709.00       188.31
   782 c9aafcd0621b2207c10e32c649cada4d           3,885.90       44        2,997.25       888.65
   783 1d0997ff06b524ce9289ffd75114ecd3           3,873.57        3        3,747.00       126.57
   784 0c7533c71df861ec58ad7ff999ed0e8d           3,863.51       61        2,989.30       874.21
   785 960945e1a9535cbc0cd6ddd35fbe7ae8           3,861.53       28        3,381.73       479.80
   786 8ff38bc3969e67c36c48343a07090f66           3,859.56        2        3,472.00       387.56
   787 aae3bfea055532c57fb453ed3ec80b30           3,857.17       48        3,057.92       799.25
   788 3364a91ec4d56c98e44174de954b94f6           3,853.85        6        3,579.94       273.91
   789 3b872fd4747f01cc56206f2934198618           3,843.11       25        2,726.74     1,116.37
   790 4677a5437afda5fa7140b927b07be1cc           3,835.70       11        3,415.70       420.00
   791 e48b04bf1aa1ef711caebeb7aede6180           3,832.73       25        3,187.10       645.63
   792 218f991754f360af9c2daa5e0b8e990c           3,819.54       14        3,554.32       265.22
   793 f326006815956455b2859abd58fe7e39           3,813.18        9        3,147.16       666.02
   794 5f1dc28029d2c244352a68107ec2b542           3,803.46       62        2,807.30       996.16
   795 c8b3445d737de6befde0c88ede534a5e           3,800.79       30        3,149.04       651.75
   796 244c2f1bff6afe1f2eaf9bfe9b2aed38           3,794.87       23        2,580.00     1,214.87
   797 977f9f63dd360c2a32ece2f93ad6d306           3,793.85       24        2,858.87       934.98
   798 a938325a4b357fd23a6a4d5bb126408e           3,791.81       24        3,231.00       560.81
   799 f2336e113377dd21c744d9c4fc8293a9           3,762.08        4        3,563.00       199.08
   800 54c04bdb5ec46762f8f08c7e8f86ed4a           3,757.78       18        3,281.66       476.12
   801 5bc24d989e71e93c33e50a7782431b0e           3,736.53       17        3,148.00       588.53
   802 cb3dd9ce66268c7a3ca7241ac70ab58c           3,725.71       50        2,879.76       845.95
   803 52562a9f449c3dc3d53f5f5b9ed74903           3,710.64       14        3,266.60       444.04
   804 bce6a5ecf98e99fd2a8868b15c51f04b           3,706.50       14        3,464.90       241.60
   805 430315b7bb4b6e4b3c978f9dfa9b0558           3,704.63       20        3,118.40       586.23
   806 cce6ab8d1682639fe45ab70234f1665f           3,690.14       63        2,522.70     1,167.44
   807 cb5df0dcb9e280b1780e9d589889f2c7           3,689.21       16        2,934.72       754.49
   808 ed46f1eb4a638113deb2a1137b5f22e9           3,686.68        4        3,470.00       216.68
   809 5c6d4016c2a288f074fa0848a2b653d2           3,673.17       32        3,159.00       514.17
   810 0ebd97a106433a45a4aebe57c1799778           3,661.68       31        3,046.80       614.88
   811 a6fe7de3d16f6149ffe280349a8535a0           3,647.42       51        2,904.80       742.62
   812 e89c4adbe7b1d0819dbb636e16461cf1           3,636.15       24        3,181.30       454.85
   813 318f287a62ab7ac10b703ac37435a231           3,634.60       52        2,517.48     1,117.12
   814 2a1348e9addc1af5aaa619b1a3679d6b           3,631.40       52        2,843.00       788.40
   815 b8555308bfdb4ca1ed54325a58da9a97           3,630.03       26        3,047.20       582.83
   816 c64a2aec32cc408a8a4c6d7c46017f91           3,628.17        9        3,221.50       406.67
   817 6750d71153f00fc58829af2a8ef1bcf1           3,626.50        6        3,514.00       112.50
   818 d93919c944be9cff128f6c9cb899eacb           3,624.01       33        2,666.70       957.31
   819 244b04680fdbded0acf5aebd9c92b44a           3,616.51        3        3,477.70       138.81
   820 c394e193cda3b4225ff2094d32184849           3,611.44        3        3,419.88       191.56
   821 afa6714acee029b2dfdf357e5579cc03           3,603.58       16        3,220.76       382.82
   822 585175ec331ea177fa47199e39a6170a           3,602.47        1        3,549.00        53.47
   823 ae7ab174effdead6c241e547e4ca13f0           3,574.06        6        2,778.60       795.46
   824 974cf2cb8f4b7add98709c30df02fe10           3,559.68       33        2,982.67       577.01
   825 20d83f3ef0e6925fd74bfd59170babf7           3,557.21       40        2,903.60       653.61
   826 d17f467e4bf608a510c20d82f4ba3b6b           3,556.55       12        3,021.66       534.89
   827 5b51032eddd242adc84c38acab88f23d           3,548.95       12        3,280.00       268.95
   828 aeb36d67f1414f234d42a29e27cf1f17           3,548.10        4        3,263.80       284.30
   829 f593898ec748b7a8cb81fc04edafd98a           3,541.12       20        2,813.04       728.08
   830 8d79c8a04e42d722a75097ce5cbcf2ef           3,535.16       27        2,777.72       757.44
   831 bb7a14e229b1c95156719c3d9552eeee           3,519.45       11        3,190.10       329.35
   832 f61c63d13f7cd800549d5acdd390ae72           3,501.69       26        3,072.30       429.39
   833 b335c59ab742f751a85db9c411a86739           3,480.72       33        2,873.34       607.38
   834 1771297ac436903d1dd6b0e9279aa505           3,466.43       28        2,881.27       585.16
   835 fce62094ffe6a4009188ec44e681dfdd           3,452.63        4        2,969.70       482.93
   836 2156f2671501a81034d7d07f217609d0           3,433.89       22        2,981.50       452.39
   837 55f7a3319d80f7fdf078b8f03e6725fe           3,420.45       22        3,013.78       406.67
   838 f7720c4fa8e3aba4546301ab80ea1f1b           3,418.97       60        2,083.45     1,335.52
   839 1ce3ae5a399804d1a87e706f8a813c3e           3,416.69       40        2,563.00       853.69
   840 bd697db56ff8e7c9cd1abeb7f72029b2           3,415.20       22        3,069.78       345.42
   841 a1474fd46fd3430168f7ec202da39408           3,413.52       12        2,752.50       661.02
   842 5bc55dbe2f12b6af6d83ed46023e0dc8           3,409.38       17        2,992.10       417.28
   843 3fd1e727ba94cfe122d165e176ce7967           3,394.42       37        2,805.20       589.22
   844 5cbbd5a299cab112b7bf23862255e43e           3,385.21       36        2,726.06       659.15
   845 49e7217cfe4e427191c378ec626d8737           3,378.31       13        3,002.70       375.61
   846 d25aa0aaacb370e912f8cf6efeba38b3           3,373.13       17        2,658.45       714.68
   847 e99e927c81e3f51739c94fcdfca9f10f           3,360.47       22        2,702.83       657.64
   848 5b35136197710e16ac5e7b7c2bd4ea85           3,350.29        7        3,104.20       246.09
   849 cd06602b43d8800bd0afad514919d35c           3,335.33       44        2,588.07       747.26
   850 31561f325664a8a7aba4c8d0c3a9b3db           3,329.36       36        2,702.19       627.17
   851 fd386aa7bed2af3c7035c65506c9b4a3           3,316.17       69        2,304.15     1,012.02
   852 4305fe92735c8a43d154ff6dd2b8d927           3,314.25       19        2,885.90       428.35
   853 33576ec5412fb5905d876f12f33bfde6           3,287.98       31        2,718.00       569.98
   854 51702dc2a3e106c76dbff722b5bf0726           3,287.04       13        2,705.10       581.94
   855 efcd8d2104f1a05d028af7bad20d974b           3,280.19       47        2,424.78       855.41
   856 730937bf88cb151eb2eb849f642fc213           3,277.17       22        2,821.20       455.97
   857 850913d59ce317156b00f3705f1c3edb           3,270.96       32        2,690.00       580.96
   858 b494891378bd8f4560abe576c52deacd           3,270.82       20        2,958.90       311.92
   859 ede0c03645598cdfc63ca8237acbe73d           3,269.87       46        2,518.37       751.50
   860 df56d7b40d437f88407c5f78b63bc328           3,251.50       22        2,791.28       460.22
   861 60562ab00b8054280520d390c8c0045c           3,247.09       17        2,943.00       304.09
   862 d9e8c084b68fe958861d8f2c21202e6b           3,231.86        9        3,050.00       181.86
   863 d93844a9c55ba7ce353388bcf849ea56           3,229.52       12        2,708.50       521.02
   864 3cfa1358a6caa965278721344c8d76f2           3,221.53        5        3,140.28        81.25
   865 4992e76a42cb3aad7a7047e0d3d7e729           3,218.57       57        2,211.10     1,007.47
   866 4c8545742faaf58fafd5fd14d25d75cf           3,216.31        4        3,020.00       196.31
   867 a369d693961cb93b61ca2cc518872a85           3,213.79       11        2,597.00       616.79
   868 8ab42aa58097fd4668d60cc648225d5f           3,210.39       20        2,616.75       593.64
   868 6338ea67c41078a46ad99cc009654956           3,210.39       37        2,286.09       924.30
   869 ffa6adafb71b807dc13159e26431354c           3,206.98       18        2,669.90       537.08
   870 fec6275253471ace26d209bbaa64cd0f           3,195.67        9        2,840.00       355.67
   871 f44b6f775a2b390380e0e30b5c9d3eee           3,188.24       10        2,930.00       258.24
   872 1996942dc085d7773ba77a529b163cd0           3,183.43       10        2,943.51       239.92
   873 be9a160a9011f627c3e121d076c1ec7b           3,182.52        7        2,934.00       248.52
   874 4342d4b2ba6b161468c63a7e7cfce593           3,163.31       20        2,867.10       296.21
   875 0885aaf116795758dfeb5f1032487bcd           3,162.32       28        2,648.00       514.32
   876 612a743d294c27884fb7b80d2b19ba35           3,162.15        2        3,057.70       104.45
   877 56e361f411e38dcef17cdc2a3d99628b           3,155.76        5        1,298.00     1,857.76
   878 1987cd4be10fe09ee50454f9c354d1c6           3,135.23       14        2,877.70       257.53
   879 8f54d64f28a993550aa7943f12572959           3,133.12       15        2,755.50       377.62
   880 157c3e4b42f81ac4a44e8b1ca2fe9876           3,131.82       23        2,548.50       583.32
   881 9906e7aa42a3c067b7c9a564d01c4320           3,115.60       12        2,619.00       496.60
   882 13074f016982ff2bd6c58ced8682f000           3,111.70       14        2,116.00       995.70
   883 9c068d10aca38e85c50202e17b4a7e88           3,108.83       17        2,658.90       449.93
   884 62c50c1af4dfdc4149d25c5222043d39           3,096.03       14        2,785.72       310.31
   885 82bd0703a4aefd6b599e5bfdaed378fb           3,084.84       21        2,692.28       392.56
   886 d32e3909cfb714fb2a6cb092c85b9c5f           3,078.90       10        2,827.90       251.00
   887 820cc752a266cdc6c1a1e61dd4583330           3,078.77       15        2,802.80       275.97
   888 b1204cfda1d4948679db3cfc0d3cb95c           3,078.15        7        2,903.70       174.45
   889 78744a20ee2f80ba64f6804c25def2b8           3,068.85        6        2,715.00       353.85
   890 d3dcf0604eabf0224fbd5948b5e02f69           3,067.41        9        2,902.30       165.11
   891 082e0bf4cb865a6533b1e8e498cc0255           3,064.33       11        2,073.30       991.03
   892 b74d1c09cb380e1d03a6f859c6f4224b           3,053.20       31        2,221.60       831.60
   893 ccf8813e5a7d6c84d865cd38bfc2b130           3,051.29       26        2,635.50       415.79
   894 f125f3a310c2e5f822d116147de1e474           3,049.29       16        2,761.40       287.89
   895 3504c0cb71d7fa48d967e0e4c94d59d9           3,037.31       53        2,349.94       687.37
   896 5a93f3ab0ef4c84ed5e1b5dbf23978bc           3,035.39       39        2,338.25       697.14
   897 0bb738e4d789e63e2267697c42d35a2d           3,030.64       30        2,388.30       642.34
   898 1d4587203296c8f4ad134dc286fa6db0           3,027.54       42        2,323.30       704.24
   899 dd58ee93286b0821565574c570e9e1dc           3,023.31        2        2,948.00        75.31
   900 f214d28e8d8e3ef068748498ccc2f813           3,021.52       54        2,212.41       809.11
   901 606ce7768feac12c5e8bd58db8b08f0f           3,018.86        5        2,916.60       102.26
   902 e908c0f3646e8b60375734a350d95d71           3,009.53        1        2,951.00        58.53
   903 b56906f7fd1696e043f1bcce164c487b           2,995.42       40        2,148.49       846.93
   904 6f229cc508fc6915ed5c499efd93baa4           2,988.68       13        2,654.80       333.88
   905 5abb8ea023c77787f2c15da891c8d384           2,987.20       13        2,241.00       746.20
   906 f805b96fa705ba7995a221f1749dc141           2,986.87        7        2,744.44       242.43
   907 fe26f3ecb51a15e6d8335cd92da42562           2,971.55        7        2,708.96       262.59
   908 052577151711aec5c744fe12e66db3e1           2,970.42        4        2,748.00       222.42
   909 d3f39f05462b79a4562d35893a28f159           2,968.77       34        2,411.30       557.47
   910 47efca563408aae19bb7206c2d969ea9           2,965.32       12        2,522.00       443.32
   911 f1b93673502375d491780bb49d615dbc           2,959.28        8        2,638.93       320.35
   912 cac876b37d3abcd6bd76caca30277996           2,958.79       27        2,229.77       729.02
   913 323ce52b5b81df2cd804b017b7f09aa7           2,955.67       30        2,554.20       401.47
   914 4b0fdb526525f9890eb145bf1534640e           2,954.21       18        2,419.00       535.21
   915 116ccb1a1604bc88e4d234a8c23f33de           2,948.33       61        2,004.89       943.44
   916 888faa8bfb0b159c37de6d898b961c31           2,945.00       19        2,418.30       526.70
   917 daeb5653dd96c1b11860f72209795012           2,938.06       40        2,305.90       632.16
   918 bc302730ea8cf49b5c74f579febb5bbf           2,930.17       11        2,640.90       289.27
   919 655220df33262c7e0c4949a147366f94           2,926.53       13        2,245.00       681.53
   920 04aba03279157f6d4e0fe8ccaf21963c           2,922.33       16        2,575.90       346.43
   921 2c4c47cb51acd5ea5db5e0ae0e26542a           2,917.37       12        2,575.90       341.47
   922 5160d23075764e18e07c1f4a87fad743           2,915.42       34        2,429.00       486.42
   923 0725b8c0f3f906e58f70cbe76b7c748c           2,905.99       17        2,190.30       715.69
   924 41ab63a91b8b264e8c8780368bf1dd5b           2,874.22       12        2,571.95       302.27
   925 491a5ada3aa1678414e990262c4bbdc1           2,873.81        2        2,840.00        33.81
   926 f1c1ac3f3efc07e659c035008e615e66           2,864.78        4        2,561.96       302.82
   927 4e8dacf3d38f281ae26c3e0321d92d88           2,861.11       10        2,644.95       216.16
   928 3a734b715d333a2588a3d54a0c9b8746           2,859.16       18        2,463.52       395.64
   929 8a87611c08849ffeeccab52aa798b6c7           2,855.12       13        2,369.80       485.32
   930 fdaaf5bfda82b7b80535610c831b8d09           2,848.32       10        2,588.90       259.42
   931 bb5bd94c8f59cc050072d2930c869cac           2,846.64       16        2,543.87       302.77
   932 8603f0038fe0e52fedd3382d266723de           2,845.12       10        2,355.00       490.12
   933 1c40343cc5d18c2d8248ac2f3366de34           2,839.42       21        2,461.41       378.01
   934 7fc87cc3e89b3d1d5cabdca32f8485aa           2,835.82       14        2,153.90       681.92
   935 7238a95bb63ef7e498389fb863b834a1           2,835.11       15        2,265.70       569.41
   936 cea729054f157f5870bdd321a958d994           2,831.62       24        2,482.10       349.52
   937 ea6b12bf9ffe2bac34602ec631d97a47           2,831.32       11        2,625.80       205.52
   938 0ed6ce5d87fd9c69eaacaeb778d67235           2,829.25       43        2,141.42       687.83
   939 ffdd9f82b9a447f6f8d4b91554cc7dd3           2,828.66       18        2,101.20       727.46
   939 c013e57c075a06e5b5c48ee03c525719           2,828.66       42        1,971.55       857.11
   940 e9511df20ccd82658a30c37b7fb343af           2,823.10       22        2,096.60       726.50
   941 458d868c9642f55f18f04e951a3fdde6           2,822.75        2        2,718.00       104.75
   942 1444c08e64d55fb3c25f0f09c07ffcf2           2,818.74        1        2,749.00        69.74
   943 6989574bd97d9773f10d232b6c07da59           2,799.50        7        2,478.40       321.10
   944 1b7e5006cb25dd23ce8686691013b121           2,785.96       11        2,636.74       149.22
   945 14a08204d03bb6b6bde8029f801ae0eb           2,779.10       28        2,185.40       593.70
   946 729b2d09b2a0bdab221076327f13d050           2,768.66       49        1,822.11       946.55
   947 fe49ee029e61e789a1f3a5525f57ba8d           2,752.44       17        2,527.59       224.85
   948 f615fe7efbef0f4f08fd3086bc7a3e60           2,748.96       23        2,359.27       389.69
   949 0015a82c2db000af6aaaf3ae2ecb0532           2,748.06        3        2,685.00        63.06
   950 0ffa40d54288e4f3499b8780dd0f144f           2,746.47       33        2,162.80       583.67
   951 8f78f0903005064036736c7173a5c2ed           2,745.95       13        2,113.70       632.25
   952 e38db885400cd35c71dfd162f2c1dbcf           2,737.55       30        2,066.80       670.75
   953 6df688df543f90e9b38f4319e75a9d88           2,733.56       40        1,949.96       783.60
   954 9a84ba99f5367fdbd4598363496f1ea2           2,720.93       16        2,284.98       435.95
   955 5eeb9c756d9780b96283e5a2ac6da334           2,718.74        9        2,471.00       247.74
   956 df91910b6a03bb2e3358fa6a35e32f6f           2,707.12       14        2,312.10       395.02
   957 c2d70ce2c5d0a2eb75e78668236e6dc8           2,699.92       13        2,470.90       229.02
   958 de0c78824586e9a5f5f04fd84e25df39           2,697.83       14        2,489.30       208.53
   959 4978a02ea9c8be7a9b5480680f40334e           2,696.84       18        2,356.61       340.23
   960 78c99c6dff4eeae5be99bf635ed21e3f           2,695.77       31        2,030.88       664.89
   961 1354d51653f645349064725ed204e85e           2,694.72       18        2,410.00       284.72
   962 ed859002ad59dbf8cf3602696a6c3000           2,690.64        7        2,421.70       268.94
   963 fb89df7f89fd1b8f03fa2acca1ba7364           2,687.43       22        2,220.00       467.43
   964 dc8798cbf453b7e0f98745e396cc5616           2,680.70       41        2,056.30       624.40
   965 cfe94489ddd337d1e29e12f2a7205d10           2,672.82       20        2,376.00       296.82
   966 a08692680c77d30a0b4280da5df01c5a           2,660.91        6        2,433.00       227.91
   967 acadd4d36859671cb635527c6c977533           2,646.94       12        2,381.00       265.94
   968 6bbcb8924baf70b7fe2fe2097e8cd407           2,646.83       10        2,382.50       264.33
   969 d06d019f72a04e5497a0b64190af170c           2,641.44       17        2,415.93       225.51
   970 fa74b2f3287d296e9fbd2cc80f2d1cf1           2,635.68       11        2,459.89       175.79
   971 3d39fbf22a665714baf62fae36029e23           2,634.83        8        2,504.20       130.63
   972 76833248bbc0e65a0293ec62023e4396           2,630.68        2        2,399.98       230.70
   973 7f7b8245c336066a1f9933c359f11d77           2,630.23       38        2,094.36       535.87
   974 7b8e8ec35bad4b0ef7e3963650b0a87b           2,616.30        5        2,244.28       372.02
   975 c6381d2d013342748761e906d45aff76           2,614.26       15        2,042.98       571.28
   976 77a515caa36327151d1cc6c32a9f00e1           2,613.58       26        2,217.39       396.19
   977 cd843d4cf8ef32827de0396605163ba3           2,612.56        5        1,915.00       697.56
   978 34f563c82a85b99ae9e6d60db5fc2e28           2,578.50        8        2,332.30       246.20
   979 412a4720f3e9431b4afa1476a1acddbe           2,569.16       21        2,058.10       511.06
   980 b83cedfb587e7911540e3f576d6917ce           2,568.75       24        2,224.95       343.80
   981 723cd880edaacdb998898b67c8f9da30           2,549.63       11        2,136.53       413.10
   982 3481aa57cd91f9f9d3fa1fa12d9a3bf7           2,547.17       25        1,773.03       774.14
   983 91f0eec23d4a61d7d7caeefa3f0ad1ca           2,545.26       11        2,190.80       354.46
   984 cf2384dd2f1dddea3f838efed0945e65           2,534.94       16        2,101.50       433.44
   985 9bcdfa7b615b3abb9461d9e3ad9886ae           2,523.79       14        2,126.07       397.72
   986 120476eb7a04c149d14772edaf5d9bf2           2,519.63        4        2,368.80       150.83
   987 e6a69c4a27dfdd98ffe5aa757ad744bc           2,518.94       24        2,076.20       442.74
   988 8bdd8e3fd58bafa48af76b2c5fd71974           2,515.55       11        2,324.82       190.73
   989 30c7f28fd3a5897b2c82d152bb760c17           2,503.16        7        2,178.27       324.89
   990 0417b067eeab773d2f7061a726dc477f           2,501.75       13        1,859.18       642.57
   991 17908cf9b444ee34047cadd5c0f4a516           2,495.41       11        1,993.99       501.42
   992 1b1ae47a313a825a7ccceb8e2e30fa9d           2,490.40       11        2,243.90       246.50
   993 165b1235e9e9942cb5fae67103576fb0           2,489.80       11        2,085.15       404.65
   994 4391ea5c5990502176a1dcda44a2373d           2,484.30        3        2,349.00       135.30
   995 2be17df1c49978426251562096c3cc09           2,477.55       16        2,165.00       312.55
   996 bf84056e679dbe9c69929847a40e338f           2,477.32       36        2,024.04       453.28
   997 f5f2ab9bdb6b30c14c61be68c5ed37da           2,474.55       18        2,134.68       339.87
   998 272f092de69afedd4d2969440b37f18f           2,471.34       26        1,935.33       536.01
   999 2f09f7d37a97956d11cc1a7cadd5262b           2,468.41       11        2,005.00       463.41
  1000 53d00c40e32aeb924a84ce72b1af869d           2,462.07       17        2,165.85       296.22
  1001 4c8b8048e33af2bf94f2eb547746a916           2,458.81       23        2,020.73       438.08
  1002 8fe8786ee000001ab51d030dfd4a7bf1           2,456.44        5        2,255.00       201.44
  1003 3e8bd881d92466e63ba9e3e809cd3c50           2,450.25        9        2,242.28       207.97
  1004 e5475dcab1e07b63d7f6e902d8f5eda8           2,443.22       19        2,192.00       251.22
  1005 8ca1551acf9832a4cf467bbbac15851f           2,442.94       11        2,176.40       266.54
  1006 c8467937e403e76a8ee9f0ab13f6f5ef           2,442.74       30        1,853.79       588.95
  1007 6b536a23086fba0d58c08d68814397f6           2,437.97       19        2,068.80       369.17
  1008 373ee4a3a775a733770ca3f790b8b9ac           2,431.81       13        2,141.49       290.32
  1009 07bf9669d84d1f11be443a9dd938f698           2,422.22       18        1,776.00       646.22
  1010 93b9a99027bd8bd6af682aff18dd19bf           2,420.11       20        1,953.00       467.11
  1011 9dda5bbacd45e18d6485fee649205d09           2,419.33       19        1,912.60       506.73
  1012 6aa3928696eab49a19a466e665a649fd           2,410.68       18        2,075.00       335.68
  1013 72bc2cce903c872fe376a8faaa81d237           2,404.97       17        2,149.20       255.77
  1014 abbf6046bbdf1028606a5bc7f00c99e7           2,393.14        7        2,217.15       175.99
  1015 55bb6fe5bebe5012e2d7d9928e1128ff           2,393.02       15        1,816.55       576.47
  1016 54583ab379489add547fe47b628db589           2,391.08       10        2,240.00       151.08
  1017 5debea795b07621e1f90532e18f96145           2,388.13       25        1,883.78       504.35
  1018 6a38087bc8ad4f89ff453561005f6dea           2,381.35       15        1,833.43       547.92
  1019 3a1a1fec38dd360f15fc912e821e169d           2,378.63       15        2,007.38       371.25
  1020 5b581417df4480f632484ba681e53944           2,376.30       12        1,790.60       585.70
  1021 d97df38225e5abadaff1e72cb72b823c           2,362.92       29        1,846.00       516.92
  1022 f41ce2e25237f9092cd8e6e7516c7a2f           2,362.60       27        2,030.90       331.70
  1023 25cf099de44674fde97473224f9d59ab           2,359.55       50        1,654.36       705.19
  1024 e5f9e61ceb5f523cc966e0f34095032f           2,353.44        4        2,238.00       115.44
  1025 3586b8580d9c917874e053a1bb37b5ff           2,352.35       36        1,524.70       827.65
  1026 87d30a6a0cbf89356e49324971ab1d24           2,349.91       17        2,134.13       215.78
  1027 747e73c01a4593d4cf60dcf970fd2689           2,341.76        3        2,217.99       123.77
  1028 7ade73f1b9b4e965f9009a4c3a7e2c15           2,338.17       27        1,880.30       457.87
  1029 bf100ecb7997df312b285358fb32f92c           2,337.01       20        1,991.90       345.11
  1030 65b081a070633e057c462abdd6fb9dd8           2,326.67       19        1,885.09       441.58
  1031 4e5725ba188db8252977a4f0227bd462           2,313.20       22        1,930.59       382.61
  1032 3a4127e1ba7208ea37044c5092aae170           2,310.95        6        2,219.60        91.35
  1033 95ec4458365c4d11f452ccf538377619           2,303.43       27        1,866.76       436.67
  1034 ea65d8b58316a6f2362f2a9e4b3e86ad           2,292.22        9        2,061.40       230.82
  1035 7fdb0720c8d7c9075538b365dc8c3a22           2,288.31        9        1,804.00       484.31
  1036 1dc2de47ee26a0a5b12dc14fd6dc0dea           2,287.50       25        1,670.30       617.20
  1037 e2c92f9c1c7746d899d18f2e158bbff7           2,286.61       14        1,894.70       391.91
  1038 bc2ac6b95e1accce9858528ee566c17e           2,279.56       18        2,045.00       234.56
  1039 5075aaa8404020ae6aa8bf4792099b41           2,270.52       13        1,822.80       447.72
  1040 2a6fbeaa7ab9e5d59a35841a8da71ce4           2,265.28       30        1,632.79       632.49
  1041 ffeee66ac5d5a62fe688b9d26f83f534           2,259.55       14        1,839.86       419.69
  1042 c8417879a15366a17c30af34c798c332           2,255.44       26        1,767.90       487.54
  1043 e24d3429d294b2eb200b064ebb035879           2,250.70       19        1,878.58       372.12
  1044 7139dc5186aa238b006e066d8fbab2e4           2,247.93       22        1,712.00       535.93
  1045 f63d8f293af3a6454377546bd9dd19ff           2,246.95       17        1,751.82       495.13
  1046 5b33b527da3c5b969cc99dc435cad09a           2,238.34       16        1,872.79       365.55
  1047 3ca08eeb8d5595949fed424bd3677742           2,235.10       14        1,768.87       466.23
  1048 d6ab728cf30867cf3f1a2e216ae2f9b7           2,233.82       12        2,002.00       231.82
  1049 a36b125ac6d5fdbc7f50de85c9157bdc           2,232.63       24        1,843.64       388.99
  1050 dfc475d54e1b6dbeeb7d7d9bdaa63827           2,228.07       19        1,793.76       434.31
  1051 392e0502231ae2f8b29994ef6398cd77           2,227.59       20        1,871.70       355.89
  1052 9449f25aeaf531019b76999ea49a6949           2,225.84       10        2,046.45       179.39
  1053 198c7ea11960a9844b544d9bcdca860c           2,225.38       25        1,733.75       491.63
  1054 adcf50477d6a1f5d91bb9d54c4903cb5           2,223.80       19        1,425.14       798.66
  1055 fac1a9017ade7bdc94058fc1c969f355           2,222.91        9        2,010.84       212.07
  1056 3bfba5a77604f6dfae7e6dd7aaf65821           2,218.19        4        2,095.50       122.69
  1057 1782ce2db72c3dda627d5e7c898104e1           2,218.17        9        2,010.80       207.37
  1058 c679fb69a36e1d8349e8c50a217b4d58           2,213.89       14        1,825.68       388.21
  1059 3d2531eccfbde1d7c8db7a3a12fb267a           2,212.60       10        1,999.54       213.06
  1060 1690cada046eb7e92c12f98b1f8a8167           2,211.38       11        1,959.00       252.38
  1061 9b00ed88b7fdb95d6ff76e27c1b52d16           2,203.36       47        1,627.88       575.48
  1062 71592660bbcb6a4664e97b6f8b68babc           2,200.55        6        2,027.18       173.37
  1063 731ef20c231d9a7103a425e83fd91271           2,197.60        2        1,692.00       505.60
  1064 1b8b75e227c9a9c100d0c210fb6176ce           2,195.61       19        1,914.83       280.78
  1065 1976a05ecf2996d6ffb7b5430e635fe7           2,190.66        8        1,796.20       394.46
  1066 15cd6eefe58588619aaed41dfa6621b1           2,188.86       16        1,622.74       566.12
  1067 411f3b52d857390502ee4e4d5ceabc2d           2,182.72       21        1,804.01       378.71
  1068 a5a1bfcf728ab0e19182959cf0771ee4           2,160.85       21        1,812.96       347.89
  1069 d9a84e1403de8da0c3aa531d6d108ba6           2,157.34       54        1,425.20       732.14
  1070 8de8fe3af4449ed695d2434c933ed73e           2,155.35        1        2,090.00        65.35
  1071 112453736dbe3889cfb74e1aaa0ba0c1           2,154.77        7        1,890.00       264.77
  1072 d1ef48b38baca7e831711c4a0aeb398f           2,144.69       29        1,469.12       675.57
  1073 5ab05b6d86d417796c69ffd6774ec832           2,142.85       10        1,886.10       256.75
  1074 1dfe5347016252a7884b694d4f10f5c4           2,129.73       21        1,693.50       436.23
  1075 c4fb51fb1c5b7c07bc5e67be6e7e8f6e           2,126.61       15        1,567.90       558.71
  1076 ec4608a1f76453166bb312b2968aeaf4           2,121.36       18        1,181.75       939.61
  1077 91f5779a8731baca4809fdeade81803f           2,117.09        6        1,971.46       145.63
  1078 f5f1f2c5f923f36ad79ea1d07185ddc9           2,115.83       12        1,912.15       203.68
  1079 058cb5aeb36d7c0fcae20fc85d5e0a59           2,107.42       12        1,328.00       779.42
  1080 d3674f271c91f824f82d24d92011f669           2,101.82       20        1,718.30       383.52
  1081 f9903dd0f812c7e771fcad47b6fff231           2,101.48       10        1,684.85       416.63
  1082 3935fe5fe0f82787a9dcb8deb62be09d           2,101.35       16        1,681.69       419.66
  1083 5b85809efd0d0e4dea1a9544e1280ed9           2,097.36       12        1,804.60       292.76
  1084 013900e863eace745d3ec7614cab5b1a           2,089.37       23        1,619.70       469.67
  1085 ffc470761de7d0232558ba5e786e57b7           2,087.13       28        1,649.01       438.12
  1086 74bafed391319577bce6f4d2acc0589a           2,084.73        3        1,847.00       237.73
  1087 75fbb52eda0cbc24f479d3b2fbfa8d3e           2,074.51       40        1,130.99       943.52
  1088 c5f7feb04a6a1fb3596322bfc3cf1917           2,058.46       11        1,720.60       337.86
  1089 7ecd59e5e20407131822c1a68ac59c1f           2,054.52       24        1,466.71       587.81
  1090 845e8036c3f7bf62099352f5ed910240           2,045.24       21        1,584.60       460.64
  1091 b2a6d334e2833acea353624840e25a0e           2,038.59       25        1,650.98       387.61
  1092 3785b653b1b82de85ab47dd139938091           2,033.27       21        1,552.00       481.27
  1093 8ec76bb0965af3f007692b26fa9d6623           2,028.75        1        1,999.00        29.75
  1094 002100f778ceb8431b7a1020ff7ab48f           2,028.16       51        1,234.50       793.66
  1095 a70e9066dbfd10b6b97a3f54a1356762           2,027.40        2        1,716.00       311.40
  1096 656591be56071d4c9ef4e5fee78a578a           2,021.20        7        1,702.00       319.20
  1097 293dee954235e4e4e43f129313625ebe           2,019.22        8        1,778.92       240.30
  1098 2a61c271b1ac763450d846849783e922           2,013.13       18        1,516.76       496.37
  1099 901b460cdce0c64e471230d7f2f9f3a3           2,012.56        5        1,904.00       108.56
  1100 f1ed6bd0a9b11b581f16c851c6a5a527           1,996.58       17        1,622.77       373.81
  1101 7586919161935337bf6b6d7ff5779648           1,994.93       11        1,664.71       330.22
  1102 5b0cc932433fa5184b5b94bfe6bcc256           1,994.09       12        1,437.80       556.29
  1103 3092c0b297aacfb4bb6e056ebe13b9b8           1,983.99       19        1,623.90       360.09
  1104 15fa791d5e017f66402dc28c44480657           1,983.29        8        1,802.00       181.29
  1105 e63e8bfa530fb16910dd6956e592bb81           1,979.17       42        1,311.70       667.47
  1106 094ced053e257ae8cae57205592d6712           1,978.23       19        1,519.20       459.03
  1107 718539d38d07dd351c76db862760e2e2           1,977.95       37        1,318.90       659.05
  1108 81783131d2a97c8d44d406a4be81b5d9           1,977.58       13        1,782.54       195.04
  1109 ca4b77513ac2040591b0d8fae6958380           1,973.62       14        1,772.45       201.17
  1110 406740ee611378a662d274c7d8c43c4a           1,972.08        8        1,790.00       182.08
  1111 c3e1abd72a42fe690fcd89cf5720fe29           1,967.58       13        1,798.61       168.97
  1112 1ca4bdb0cd7fc48e949bac066188ed26           1,963.08        4        1,520.00       443.08
  1113 4b1eaadf791bdbbad8c4a35b65236d52           1,962.82        8        1,849.79       113.03
  1114 dd4d95ba2d15c071e6c695e2ef6ce169           1,962.41        4        1,748.00       214.41
  1115 a4bd6e9adf39b63f43dc545d3ca1f53d           1,960.97        4        1,848.59       112.38
  1116 52f0fe436a347ddad7ed5f9aa4e27eaa           1,960.90       21        1,484.37       476.53
  1117 39d54ff918774174706fb065d7f9dc07           1,956.99       23        1,593.59       363.40
  1118 8378eb36b6b70c5734e83ad7b8cdc3b7           1,956.67        7        1,714.80       241.87
  1119 2ff6b7bff164ef05590a52734e1296da           1,955.12        7        1,803.59       151.53
  1120 fa3a0b5aabb344b9a92e3524b0202123           1,953.41        7        1,789.00       164.41
  1121 df0f42bc4c2142eacf0eaf2cffd0cfbb           1,946.45       14        1,654.00       292.45
  1122 d5b9a084373da994a6e37f732169a853           1,945.29        7        1,769.00       176.29
  1123 0b18d63d0cd1d723567903fd34a07df2           1,944.03        9        1,678.14       265.89
  1124 8a2d12a90e92f012ce5226fc6592b653           1,933.62       18        1,594.65       338.97
  1125 d354c38a7182125a748cb10474fe963b           1,926.18       18        1,610.33       315.85
  1126 26e2c91ef821e1ff8985f408788fe35b           1,923.87       12        1,649.40       274.47
  1127 0ac4201fda2c68ebc0e47cb9423cf3c9           1,910.87       13        1,676.88       233.99
  1128 edc518ba25576a0188a0e8f2c3af186f           1,909.55        6        1,647.39       262.16
  1129 6ddc28b61be28373b4503a1f61cf98a9           1,900.09       11        1,732.90       167.19
  1130 e64d65bc8dbec2accda90c58de5d1246           1,899.96       12        1,678.80       221.16
  1131 66fd84ee7528c0c0de85d0f44a73d5ab           1,891.30       11        1,438.11       453.19
  1132 8daab2245ebdc277c51098d01c5ad8ef           1,888.64       16        1,604.59       284.05
  1133 77fccaae319668a8ab6cd0fd16aec48c           1,888.44       11        1,667.00       221.44
  1134 8a1ff5c35f6595a73fef4c7b96e4908a           1,882.80        2        1,598.00       284.80
  1135 659e8466eb3ff1b0e8740d74fb7bbedd           1,880.00       11        1,486.80       393.20
  1136 af3ef48d0e13835e529c29ac573c63e5           1,873.13       21        1,405.63       467.50
  1137 5f67c6082caacb26e431a7b17940cece           1,871.03       13        1,662.60       208.43
  1138 866558b3bccef2dbc6d29a2b5995016f           1,870.75        5        1,519.40       351.35
  1139 b33aaadd1a8891d2dfef0c4c3bdf0371           1,863.04       16        1,504.00       359.04
  1140 0887a9f087bcd5d9f6642b52f897fc6c           1,862.35       12        1,642.00       220.35
  1141 06bb3a2fe5e7b7a845b13e8fb91bd944           1,862.33       17        1,536.19       326.14
  1142 2709af9587499e95e803a6498a5a56e9           1,859.02       26        1,279.56       579.46
  1143 8b87cd0d43d49b9bdf40f56229364d59           1,853.90        5        1,552.90       301.00
  1144 7a2d2949aea47fab95fd98d6c9f618b1           1,850.23       11        1,638.99       211.24
  1145 3771c85bac139d2344864ede5d9341e3           1,842.26       26        1,433.30       408.96
  1146 d4e12e7884759a14fa0f5f896c791cae           1,839.67       29        1,400.00       439.67
  1147 02c988090b766852e088c69d7fb3b551           1,836.95       13        1,618.65       218.30
  1148 f918546be4bec7104d117789ba758b2b           1,830.15       20        1,483.00       347.15
  1149 41b86b552e54e3a7009596125aa8b167           1,829.91       10        1,595.30       234.61
  1150 bafc5aa11e413978be29040f51342e70           1,829.47        9        1,679.55       149.92
  1151 f3c38ab652836d21de61fb8314b69182           1,828.59       15        1,581.00       247.59
  1152 4bf658053d453036c70976bccb2c31b2           1,824.56        2        1,742.99        81.57
  1153 1660ad786c27fd935378b6192a90b417           1,818.28       12        1,570.00       248.28
  1154 cbf09e831b0c11f6f23ffb51004db972           1,815.40       10        1,535.20       280.20
  1155 138dbe45fc62f1e244378131a6801526           1,814.80       49        1,125.56       689.24
  1156 04e38a233f726ef161074ab1c9b0399a           1,811.27       23        1,352.20       459.07
  1157 e256a62e0ac58c0edfba09966142d561           1,809.55       12        1,474.11       335.44
  1158 02dcd3e8e25bee036e32512bcf175493           1,804.07       14        1,491.90       312.17
  1159 081acf3de680d554796c9cf041be7bc2           1,802.80        4        1,597.30       205.50
  1160 97512d3fc193b2d1dfcdba0f9d1f0f8a           1,800.42       12        1,458.87       341.55
  1161 53b0300ca793f9834cd69c0678d35ee8           1,799.46        5        1,662.15       137.31
  1162 01bcc9d254a0143f0ce9791b960b2a47           1,798.87       11        1,521.21       277.66
  1163 a23266650e7c84bb93fbbba502137478           1,791.44       11        1,512.40       279.04
  1164 cb810bd318f51b3dc3c753944d61a1fa           1,789.02        1        1,750.00        39.02
  1165 d8c7ba53e7e38711eaef8c2849d6d2e1           1,788.34       22        1,190.87       597.47
  1165 f235413f677777a0738ff215d0184901           1,788.34        3        1,696.70        91.64
  1166 fe701d88b67eaca109dffd464d1be9f9           1,787.94       11        1,548.90       239.04
  1167 44f091b5abab8018f682fce8124b85e5           1,787.71        6        1,680.10       107.61
  1168 817f85dbb65aa3e70831d90fe75cdf89           1,783.89       11        1,552.27       231.62
  1169 01fd077212124329bac32490e8ef80d9           1,783.36       31        1,208.00       575.36
  1170 6806dad1da97bfb5a9038eac6881f706           1,783.26       10        1,477.00       306.26
  1171 d2e753bb80b7d4faa77483ed00edc8ca           1,774.94       14        1,320.70       454.24
  1172 5f3ae9136c875522250f8184f253413a           1,773.76       43        1,158.00       615.76
  1173 ffff564a4f9085cd26170f4732393726           1,770.86       20        1,426.30       344.56
  1174 5b97c06a046398e7005b2b7c0d707a92           1,769.59        4        1,519.96       249.63
  1175 78a4d36f65a019172c6154468831a69f           1,768.90        7        1,545.50       223.40
  1176 6b1c4d4d9ccf0be3d8544eb0e71e5318           1,759.04        1        1,699.00        60.04
  1177 83b08de96980757220871b31bf6cffca           1,758.38        5        1,304.17       454.21
  1178 b0f2a6122a90a93eb03e68653dd960e3           1,758.28        6        1,620.30       137.98
  1179 2e1a7d075abe038c1b2743005fe42ff1           1,750.55       19        1,396.70       353.85
  1180 6eb94e1466490d327a09abf8f3552a50           1,749.77       10        1,511.95       237.82
  1181 e7f3bf1ecd8526eb7f3b18059e6716e5           1,747.69       18        1,471.54       276.15
  1182 0eaa7e33d73809f1f925f7d07c506cbd           1,746.90       15        1,552.00       194.90
  1183 7813ea3ebd9411dc600b4dd01f7a97b9           1,745.99        9        1,599.40       146.59
  1184 5e105f5c9f63f5f1fd75d6cb942e55b1           1,745.73        8        1,471.90       273.83
  1185 7e26c750b4cb9f6766f58265ff9ebe95           1,733.18       23        1,344.30       388.88
  1186 d4ffeb15b67e81ff9af2b4252d99fb7e           1,724.81       11        1,400.40       324.41
  1187 431050a06a317f2b38168dec3dcd2b46           1,720.95       12        1,487.80       233.15
  1188 f08c008c8a8d31417763738a1788a2a8           1,714.69       22        1,291.72       422.97
  1189 b6e1504972665f739dec4facb9943775           1,710.37       14        1,484.48       225.89
  1190 70f84699be677ec988d1fa824aef7d90           1,704.44        5        1,588.30       116.14
  1191 3a490ba60afa30ece0e7d50cfe74a4f0           1,695.07        8        1,529.20       165.87
  1192 a414555ce331b8c8aea4a9cb8395194d           1,693.59        7        1,450.95       242.64
  1193 a1040efe9ff4a6f93c28b0499eada8f5           1,693.31        1        1,658.83        34.48
  1194 427165bf50f8ca07efc7bdc2bfcf1688           1,692.90        5        1,603.50        89.40
  1195 671585f5a2af58b6e276bc01003c0d2b           1,692.11       27        1,244.00       448.11
  1196 b8114f2f589a6804810f04f99b36b498           1,692.03        8        1,399.62       292.41
  1197 863d2ebcd347ce4922de7a0f9a5581d6           1,691.17       18        1,382.36       308.81
  1198 4d232b78ab7ef10393dc3807d827bc0d           1,689.99        5        1,475.00       214.99
  1199 9a03a4e9eb0b947652fae4f6121a3f5e           1,682.22        7        1,497.00       185.22
  1200 57c764b4a836300be881e2ff86e449f9           1,681.11       29        1,211.00       470.11
  1201 b9ca8e8baa5d4aa038394a700f63e69f           1,677.95       14        1,289.77       388.18
  1202 8ff1a9df749e454105c55cda13e79143           1,677.81       13        1,400.60       277.21
  1203 9f50216bfd01913736a55a11b55ea842           1,671.10       17        1,354.00       317.10
  1204 81336a0f57a33776419727a300249e90           1,670.88       16        1,374.85       296.03
  1205 4ba52dfeba874da5b9ee7b17c7494f04           1,667.91       11        1,463.00       204.91
  1206 542917da124346b47ea1ac79a93ce454           1,667.08       20        1,303.90       363.18
  1207 ec933281fb017b5020d06df29c3f77e8           1,662.85        8        1,432.00       230.85
  1208 20cb7c2fde3e5bf10f0bbe7394e1c6a9           1,660.28       32          861.90       798.38
  1209 c5f7e746b7e6d07def6c0dae9903279b           1,658.92       10        1,429.00       229.92
  1210 714b9a1332840f257b49f476bea4e341           1,658.09        6        1,499.94       158.15
  1211 5145090ab595c0d0b8557199f5701fbf           1,657.45        4        1,459.60       197.85
  1212 42ef3192a9ff87a22d1867b74b3ee205           1,655.97       23        1,354.09       301.88
  1213 9b522ba7eae9e1d04082f267144583cc           1,655.65        4        1,507.60       148.05
  1214 f5f46307a4d15880ca14fab4ad9dfc9b           1,654.32        9        1,422.94       231.38
  1215 134285d1f41da5c13a756ee8142c8a4e           1,653.63        3        1,572.70        80.93
  1216 128f9bfbe4c7d5185033914b1de3d39a           1,650.49       14        1,277.29       373.20
  1217 b9a03475e6447e631b6799ec8274800f           1,644.08       10        1,349.10       294.98
  1218 921323538c9f1c4e816f2720eac02bea           1,642.20       15        1,401.84       240.36
  1219 1dd33b8119b3cb1056ed5dc88cd0aaf4           1,641.74        8        1,513.00       128.74
  1220 850857dfac77488c307e2b1cbd84ab5a           1,638.72        1        1,599.00        39.72
  1221 47648caee88ccfe951fbb27fbf7b4cbe           1,632.99        3        1,564.99        68.00
  1222 5a425cc503b39b262a847fd6212bf53b           1,630.10       15        1,360.59       269.51
  1223 52f9db5cfb423382a2fa5c9e39303202           1,628.54       22        1,269.77       358.77
  1224 2dcf93836ae3ce0d7c93e2f10876467a           1,622.44        9        1,443.80       178.64
  1225 49cdc90518a4f82676b38b3c1aa43ff6           1,622.11        5        1,539.50        82.61
  1226 49067458c68f7701fd334ce326accbe0           1,621.50       17        1,047.65       573.85
  1227 a5259c149128e82c9d6d46e0c1c812bb           1,621.13        8        1,182.26       438.87
  1228 0afccdb8a34ee5c79f7c06faf2b4d56e           1,613.78       25        1,225.50       388.28
  1229 9da1ca0bef29ee170e541927a5aeabdc           1,612.03        6        1,484.40       127.63
  1230 186cdd1b2df32caa72cfb410bba768d3           1,609.73        6        1,341.45       268.28
  1231 88cf19ec1fc2c58f161aee259d57142c           1,607.68       14        1,372.97       234.71
  1232 985c92cc412091f8529c12d7f23d3fef           1,606.63       12        1,368.50       238.13
  1233 8185694b58b2ba6de20fd41ae608bbea           1,602.57        8        1,372.30       230.27
  1234 a7c88262832dfc683781d6a421edefae           1,602.42        5        1,520.00        82.42
  1235 1dcfa3835714681d4ba4a93bc1e0fd41           1,602.10       13        1,278.50       323.60
  1236 ecccfa2bb93b34a3bf033cc5d1dcdc69           1,601.35       15        1,338.64       262.71
  1237 36890be00bbfc1cdb9a4a38a6af05a69           1,600.88       13        1,361.30       239.58
  1238 11fb6f6d341adbe19e81733701704635           1,596.66        3        1,197.00       399.66
  1239 3f8034bfc6b8b4135534975d49f04c63           1,594.51       12        1,313.90       280.61
  1240 6426d21aca402a131fc0a5d0960a3c90           1,593.82       23        1,209.64       384.18
  1241 e439f7176d763f92de325271111b2fd5           1,584.02        7        1,348.40       235.62
  1242 0aea4c6ae1505b3228ddf3dd7822ee5b           1,579.66        8        1,427.91       151.75
  1243 141440cad9341e553f8401c574a2aa38           1,579.00       11        1,288.20       290.80
  1244 dace965ca58120f92f8d742a9fa1864b           1,573.77        8        1,442.00       131.77
  1245 5bf397d04035b5f45cc41e82ec106803           1,572.28        3        1,525.00        47.28
  1246 25e47381a6c510ddeb36084e33b89f0c           1,571.71       16        1,289.60       282.11
  1247 b1aaae6b66ad3c40f54b389d7ea4bee0           1,569.24       15        1,176.50       392.74
  1248 0ad80de75c811326389cfb1daba7d45e           1,564.72        6        1,449.40       115.32
  1249 a13580f0e8f782b7a543885a0ef99f08           1,563.68       10        1,304.90       258.78
  1250 093805f8f2aeb63881444571e1f48f30           1,559.73       22        1,215.79       343.94
  1251 c8c1bea22194a4eefa2dc9a9fa89f536           1,558.73        7        1,266.00       292.73
  1252 d101c6da914ae3d53f7bee42283f2fe2           1,557.55       13        1,297.40       260.15
  1253 d7827b2af99326a03b0ed9c7a24db0d3           1,556.70        1        1,455.00       101.70
  1254 f4a04f7be452aa3bb31760bf00055dd0           1,553.95       18        1,312.10       241.85
  1255 fcf16b7a8697e559f0123190bb30177d           1,552.57        3        1,052.80       499.77
  1256 0b0ddbc7b9d9584f442c7ac92b0ff6c9           1,550.64        3        1,416.76       133.88
  1257 2646baaf662d4d92ac48f047e35db92d           1,549.39       15        1,263.05       286.34
  1258 1284de4ae8aa26997e748c851557cf0e           1,546.84        3        1,459.97        86.87
  1259 7357b52d27cbaa90f81a96cbc1279396           1,545.83       12        1,328.02       217.81
  1260 c794dab4928dd97beb41d05514441e86           1,544.59       16        1,312.40       232.19
  1261 89c127985a8b130cfa45c1d36764017a           1,540.20        7        1,419.57       120.63
  1262 2d518637f53161b973e01f56ea4bb88e           1,539.70       13        1,219.89       319.81
  1263 a36ac007a4d18f865c8d32c3b2402c2d           1,536.97        9        1,359.78       177.19
  1264 113e3a788b935f48aad63e1c41dac1bd           1,533.95       39          847.35       686.60
  1265 01ed254b9ff8407dfb9d99ba1e17d923           1,533.71        5        1,465.99        67.72
  1266 8e2b3afb420011ef0c88c9d5f11ea526           1,532.43       11        1,384.50       147.93
  1267 b5abf4f36adc043117b4fca82c22984c           1,531.79       11        1,247.80       283.99
  1268 1caf283236cd69af44cbc09a0a1e7d32           1,530.25       33          917.60       612.65
  1269 b43d8b707f887a30f4675391098354a0           1,526.76        3        1,342.00       184.76
  1270 bb135baca94c82fcb731335ad5b04a03           1,522.68       18        1,049.80       472.88
  1271 c35672b10ad50968f567ea3f4b91e877           1,515.35       18        1,150.57       364.78
  1272 2bd05d410a8fd26dc4184a15f4f2f588           1,515.27        6        1,316.73       198.54
  1273 0bebbb2cea103a4a020c95d43fd7d754           1,514.34        9        1,367.20       147.14
  1274 4e06067cc08b3f41d837768d392c3ee3           1,514.25       31          941.72       572.53
  1275 1464afc72f696af775557a821c2e253f           1,513.78       29        1,059.36       454.42
  1276 17eea220a40cc0d2c0c5346379682398           1,512.99        4        1,414.98        98.01
  1277 c7b7db6c8f3c64a7cc1afa634db21d50           1,511.86        1        1,489.00        22.86
  1278 20b54c376b794ed028df09a3cd88e8dc           1,506.55       11        1,342.95       163.60
  1279 7a425d299613df3e613bcf9d2eaf5c49           1,505.47       18        1,218.80       286.67
  1280 da7039f29f90ce5b4846ffc0fcc93beb           1,503.55       17        1,259.10       244.45
  1281 8629c241b3622ac12cd4118afdc8d394           1,502.02       13        1,167.66       334.36
  1282 9a1aea68d3efa00862ec88c0768037d0           1,501.71        7        1,309.20       192.51
  1283 b8578d2d823bd8e251f6fdd02b40902d           1,499.60        9        1,255.60       244.00
  1284 bc07d855eac23aab5ac8a120f21d16b2           1,496.18       12        1,283.11       213.07
  1285 4dbd95a08b31ede5c82d3f861cb1ce1a           1,494.03        6        1,304.67       189.36
  1286 51ed72984a04e5dd35c2b27e77179038           1,493.23        7        1,294.30       198.93
  1287 c3ee2331a724e6fc02c4b698b57a73f3           1,487.88        2        1,347.00       140.88
  1288 f205b1a3ca9a34e0f8a228bae6e4c7b3           1,484.90        8        1,088.00       396.90
  1289 5151aea44289d6c6b090ee31c2132508           1,482.47        7        1,315.30       167.17
  1290 0e982cff76cc0579f632cea8a0e38c9d           1,480.31        7        1,307.34       172.97
  1291 402916f742e5c740cc751493d9cf5053           1,478.43        9        1,252.00       226.43
  1292 d1c7fa84e48cfa21a0e595167c1c500e           1,477.38       12        1,156.03       321.35
  1293 f1b854361f4e15d5851b494df66f22b2           1,475.24        3        1,168.80       306.44
  1294 04843805947f0fc584fc1969b6e50fe7           1,474.76        1        1,400.00        74.76
  1295 a425f92c199eb576938df686728acd20           1,474.75       17        1,165.80       308.95
  1296 4eb61f060e7dcc1d5a80d806c35cc541           1,466.12        8        1,313.00       153.12
  1297 6b89abe95848c850399130d149a39b63           1,465.73        8        1,135.20       330.53
  1298 e504a4e2efaa45cbff7e268a2c58c956           1,464.06       11        1,188.80       275.26
  1299 2f73e04d12cdf0c945ded66bb3fcf6c7           1,460.85        3        1,359.00       101.85
  1300 10ff823eda2b032e2c93d17a7d294736           1,459.53        9        1,294.97       164.56
  1301 2d378dbb39815785238c0139c7647fb7           1,454.44        2        1,154.00       300.44
  1302 a478c7961d6a992065b24e63b366f90b           1,451.56        8        1,281.50       170.06
  1303 4736e9d642ef4257cd7622516931eb51           1,449.77       16        1,078.87       370.90
  1304 556a6409838156ea299c9d1f9e2dde43           1,449.64        4        1,362.80        86.84
  1305 010543a62bd80aa422851e79a3bc7540           1,447.95        2        1,416.00        31.95
  1306 973f21788dfab357250f69a8dcb7ddee           1,445.65       10          909.00       536.65
  1307 091065b789659bc3cd9af9cb3a6253ff           1,444.37        2        1,359.00        85.37
  1308 c273175f7c6c80fb02f051e2fc6d0d72           1,443.45       14        1,188.23       255.22
  1309 9140bd1d9de28b197dce077bdd687438           1,442.93        6        1,258.87       184.06
  1310 3faf68a3b0af94b10bac70d86077be49           1,442.09        7        1,322.93       119.16
  1311 6562efe88ce0826a4ca4f189f03b4b84           1,436.21        9        1,135.90       300.31
  1312 5795aebfe331fbcd02a2c4b679fb7952           1,436.09        6        1,280.00       156.09
  1313 7f40d06aa0b5f1aa4f41af8c0480e2ef           1,435.62        6        1,309.94       125.68
  1314 5ee7fd217d08dfe5d3e2f51f96a12c9a           1,435.18        9        1,165.50       269.68
  1315 325f3178fb58e2a9778334621eecdbf9           1,433.37       36          981.70       451.67
  1316 b566ab0ef88016e00422755e305103c6           1,428.22        5        1,208.00       220.22
  1317 3fac58ce0ad699020c7944d53c41329c           1,427.97       10        1,244.95       183.02
  1318 334cab711dee080b079fa5779b584783           1,421.37       11        1,069.70       351.67
  1319 cda598c48d7c614bc1cad7d8ff6f0010           1,420.20       17        1,118.60       301.60
  1320 bc47d5d1490df2b36add65d733eafaba           1,419.91       24        1,004.80       415.11
  1321 8ea394aed8138685abe1eb9f25e1021d           1,417.60        2        1,340.00        77.60
  1322 269cff2d3c8d205c11f37a52402ea93b           1,415.00        4        1,281.59       133.41
  1323 30a81d8cf85fb2ada1b1b094c9583a95           1,413.52       17        1,245.42       168.10
  1324 e48cc16ab70bfa09e1401740dce0b3d7           1,411.13       14        1,084.83       326.30
  1325 439a47cc365d6e3bd526812ea9de3c29           1,410.93        8        1,186.50       224.43
  1326 5d76d80a2f5f39c891b996a1bf4c9853           1,409.75        6        1,238.50       171.25
  1327 4cf490a58259286ada5ba8525ba9e84a           1,409.39        8        1,254.20       155.19
  1328 8c5e007d7bd5693fa1386ffefbc99f6c           1,407.41        9        1,029.11       378.30
  1329 e3d3b3efac954a60d61be70b7e05b49b           1,405.83        3        1,282.05       123.78
  1330 7ff588a03c2aeae4fbd23f9ae64b760d           1,403.38       14        1,182.20       221.18
  1331 7daca0837f033a41a6f3428c18657533           1,397.14        7        1,228.98       168.16
  1332 8a9260f2b0340411d6d2a56bcf4f7378           1,396.94        8        1,256.00       140.94
  1333 788e857f317e53de488d393e65a80f45           1,394.95       11        1,210.00       184.95
  1334 67225bff54a172ff67579aaf583efd78           1,393.11        8        1,238.00       155.11
  1335 5011f0d93373a4c5753adf58ca77af8d           1,390.85       12        1,009.42       381.43
  1336 626ab1cd96932367f0eeec2e47046c12           1,390.47        3        1,310.00        80.47
  1337 b55638ad525e906c698fa2ce742c1742           1,385.67       11        1,094.80       290.87
  1338 2cb6eb1b7185064167657fa09f541105           1,382.68        6        1,217.90       164.78
  1339 4324dd16853115efb0fd9d0d131ba6f4           1,379.47       12        1,052.25       327.22
  1340 fec8cd45395b3cb0c2b173d7739706a1           1,376.94        4        1,280.00        96.94
  1341 c0098efcf800861dcae589affca31408           1,376.74        9        1,189.28       187.46
  1342 b586cd24c010a13916af621b0325fbba           1,372.93        6        1,108.94       263.99
  1343 5d9f3746e112e696f98ea22c56b3e912           1,370.41        1        1,322.64        47.77
  1344 8fdca8e349553f99bc738833a62c8802           1,370.22       22          989.34       380.88
  1345 725af026f869236a8dd0ceb98564d156           1,362.67        7        1,177.71       184.96
  1346 d4910f1cdcfdabd48d6b316e395d4a23           1,361.92       11        1,146.88       215.04
  1347 5f26c1408a65b42a7224cd463bdf3292           1,357.09       10        1,139.80       217.29
  1348 c88f62b4c386a59281014d677864d016           1,350.50        1        1,099.00       251.50
  1349 f9d010e39375d9c91dce3f40b73a2f84           1,350.14        4        1,212.00       138.14
  1350 d1b9d4be4b6f9ebd85f8acd6745ba612           1,348.53       11        1,154.35       194.18
  1351 7c5b05cbdb5542049f38d90d7815b97d           1,345.46       22        1,038.96       306.50
  1352 a066df7361163e7ddc5d7452dd17448b           1,344.62       15        1,078.30       266.32
  1353 9ed65337433adfbedefd23dd76eaa494           1,343.65        6        1,262.60        81.05
  1354 90d4125885ab6c86e8820a722be71974           1,342.95        3        1,299.55        43.40
  1355 5b2e94f2c22b39ccc24d34ad0f669672           1,340.14       10          949.78       390.36
  1356 3f2af2670e104d1bcb54022274daeac5           1,334.18        6          973.60       360.58
  1357 ef2fbc2b607d8492bcffe657a4645434           1,333.69       20          970.80       362.89
  1358 9d7a1d34a5052409006425275ba1c2b4           1,331.87       13        1,054.82       277.05
  1359 6bef34c5be6f2bbd70aa5165f6df94b1           1,330.88        2        1,198.00       132.88
  1360 abc015ebac1d283a323ca9db35ede4b9           1,329.65       12        1,106.80       222.85
  1361 bb5d956dece964a06c12bceb66b923ae           1,328.50        2        1,278.36        50.14
  1362 f5fea3ffed6c2e889bab72705557c63a           1,328.18        3        1,059.90       268.28
  1363 700f03c207639c22d933381ff60b35c2           1,326.31        4        1,189.86       136.45
  1364 45a3d05fb00435e52a28859dd03703b3           1,323.79        1        1,299.00        24.79
  1365 00720abe85ba0859807595bbf045a33b           1,323.48       13        1,007.50       315.98
  1366 4eeb99008a0f59d2c7759c59f9a346eb           1,320.95        2        1,282.00        38.95
  1367 5b07547f10dd980738a1a27f685af669           1,320.07       13        1,134.60       185.47
  1368 89f69225956f951295ca4c7fb1266553           1,318.71       11        1,041.30       277.41
  1369 76ea5315acb3f5f7ade3cd261faf922a           1,311.08       15        1,087.06       224.02
  1370 4091f77d8c768fc3e81c20761471761d           1,309.87        8        1,079.00       230.87
  1371 b18871c324516afa228a13e8f1ef0ae9           1,308.40        9        1,064.60       243.80
  1372 c878515173c84a492ebe50d6b493230b           1,308.04        9        1,118.84       189.20
  1373 c1ed9e3daf6154542826a6996af0fb8c           1,300.64        9          971.25       329.39
  1374 119d1aef1b4144adba89163f6cd9f5d4           1,298.24        4        1,094.00       204.24
  1375 4ebdc7e6cd6102a022dadc49156d4ea8           1,297.90       29          928.70       369.20
  1376 4fb41dff7c50136976d1a5cf004a42e2           1,296.77        3        1,230.00        66.77
  1377 b5e3e38609125694d2ea2417522a60b7           1,296.18       16          995.04       301.14
  1378 1cbd32d00d01bb8087a5eb088612fd9c           1,289.53       11        1,045.47       244.06
  1379 dbec9a0a7efeff029d4d9dce7dc4cc95           1,288.59        3        1,170.00       118.59
  1380 3dbbce181edfaa4a597ec858c382d2ec           1,288.57       17          848.30       440.27
  1381 432c67955c0acd1fd6b0b5d678766a71           1,288.41        3        1,151.00       137.41
  1382 577719699805dd125d5b6fdde5943bba           1,287.36        8        1,077.80       209.56
  1383 5fd924b4836098a5be0ecf81ba054ce0           1,284.34        7        1,148.80       135.54
  1384 734def04b237117a09321dd6d8f3f2a2           1,281.23        2        1,252.43        28.80
  1385 4a1f694197d05fe70026b016a7316b41           1,278.75       14          907.77       370.98
  1386 e84ad2127668df3aafc6b73531a0beb8           1,273.73       19          987.00       286.73
  1387 de9727ca376d1be6ec121b110aa7954c           1,270.09       10        1,058.70       211.39
  1388 9bc484c87d79cd4874e05ca182658045           1,269.87        9        1,120.00       149.87
  1389 c8e135e7b21ecbc36c1153a29d2f5a06           1,267.48        7        1,165.50       101.98
  1390 596849622429351f47b32e6cae1055ff           1,265.19       14        1,104.70       160.49
  1391 9c4d31c7e46ab03a43fc06e3142afd4e           1,262.72        2        1,218.90        43.82
  1392 04fdea0c111866e6cf812f1570d6b5bd           1,261.95       10        1,055.00       206.95
  1393 327b89b872c14d1c0be7235ef4871685           1,258.80        3        1,177.00        81.80
  1394 6c6cc59a5c00cacc5054ca06d65cc282           1,255.71        1        1,107.00       148.71
  1395 1b65c144b17e607c0f37f10bb7dfec8d           1,254.35        5        1,109.50       144.85
  1396 03a2a6dcbe45d639c4dc2a0d24769c40           1,250.66        9        1,078.41       172.25
  1397 7238f877570096ae403c51898fa64566           1,249.52        3        1,200.00        49.52
  1398 980640c45d7a4635885491d077167e4d           1,246.66       14        1,004.29       242.37
  1399 76c47a299e4a8fe992316a85865acbe9           1,246.34        6        1,024.46       221.88
  1400 457fe919b032a3f7dadba6fb92cf7855           1,246.11        9        1,104.89       141.22
  1401 226b05fe067266c59c15dae208213d06           1,245.58       10        1,056.90       188.68
  1402 83645b1645cdee8953ee54c29ceed564           1,245.10       14          978.90       266.20
  1403 26785a546900236d66f2e4197c211158           1,244.65       15        1,019.20       225.45
  1404 8fbd63429be6d3e5e6d1a709b6464802           1,240.97        6        1,061.40       179.57
  1405 a20d8058c866dbaeca014d2cd20ac62e           1,238.90        2        1,194.00        44.90
  1406 41da412d33e8da4f22baf55cb1bde82c           1,237.06       15          862.90       374.16
  1407 08d2d642cf72b622b14dde1d2f5eb2f5           1,235.26       17          914.00       321.26
  1408 5b664594895aefb418afaee6d40a9a23           1,235.18       16        1,008.80       226.38
  1409 343e716476e3748b069f980efbaa294e           1,234.70       17          922.60       312.10
  1410 71dc18fd8cbf5fd77f45dd8b427abb34           1,229.40        4        1,080.00       149.40
  1411 4b39558c138930b9e5489c93b6df5fe3           1,229.10        4        1,096.70       132.40
  1412 6a8a889bde935bafa76d7848782dfaf9           1,228.62       26          860.82       367.80
  1413 1d2732ef8321502ee8488e8bed1ab8cd           1,228.18        4        1,148.00        80.18
  1414 f0563bacf40c311f1c4d3d6b67b8a7a7           1,227.78        1        1,199.00        28.78
  1415 1710c3aaa9c6b44ec3883ee0fe300e21           1,226.55        2        1,188.90        37.65
  1416 fb3cfbc8a86f5d7fbb4d36b8df63f60d           1,225.06       10        1,007.30       217.76
  1417 3c3017960b2dbd72711a61f0400aab8f           1,222.89       10          968.80       254.09
  1418 4200ddf1967c5e41e48db62bc6d4b5ac           1,222.73       22          734.80       487.93
  1419 3d4b1ae7539303b5704493798893e82c           1,221.69        6        1,076.00       145.69
  1420 9261d76c62caaf0b24677c2ceb7f8f20           1,216.24        6          968.70       247.54
  1421 fe87f472055fbcf1d7e691c00b1560dc           1,215.96        6        1,085.80       130.16
  1422 3d4824f20035949c710eaf111f869d39           1,214.58        9        1,041.04       173.54
  1423 b2eecf5ea250510da76590ca79d60e5d           1,213.15        9        1,060.00       153.15
  1424 bf00385a5f7fc1ef39a13c2e9ee50a5f           1,213.03       29          870.30       342.73
  1424 713e3a23ca5e47786eb6f0d99f94cfac           1,213.03        4        1,126.00        87.03
  1425 18e694e0e48ed6f7aa3f24aade5fd697           1,205.77       31          701.54       504.23
  1426 e250d617a0ad591ba9bd663e584a895d           1,204.91        8          904.12       300.79
  1427 2d42ebcda99fd55f6f4bc2f1ca035d50           1,203.97       10          921.50       282.47
  1428 10089e9f2fd0c668a8fd4e52e1698888           1,199.31        3        1,139.90        59.41
  1429 10076e5788b8ee532724bcd460baf762           1,198.78       23          821.48       377.30
  1430 c03121937e54a93fcc1825c3098bbb6e           1,197.94        7        1,043.00       154.94
  1431 48328ec9a579151d9cc6a86d4a59336c           1,196.78        1        1,099.00        97.78
  1432 9485a23c0430ba1d58d359391606fce6           1,195.15        5        1,129.90        65.25
  1433 365e445f796710c3431557e85caa25db           1,194.30        4        1,115.00        79.30
  1434 557f22c76691849db52d2abccf0015d0           1,192.56       13          865.86       326.70
  1435 28f10b1c5e5abb9d4857745bede6147c           1,185.42       28          835.00       350.42
  1436 eb72802c83dc7547529c9546d1a9b8ef           1,181.63        8        1,063.92       117.71
  1437 167fd940acebc789debd6eb418c46e38           1,178.48        5        1,077.58       100.90
  1438 3d5d0dc7073a299e31fa718ce1bc00b6           1,178.13       23          790.70       387.43
  1439 8f2b51a30523cdecddc2f179f351c7d6           1,176.23        7        1,027.90       148.33
  1440 e21a1e8be4715b0fcfd5385643bc49c4           1,175.89       21          703.60       472.29
  1441 51e4e89242cbb846c2deff3dc015650e           1,175.75       16          822.58       353.17
  1442 39f776d2974049026ff531fc42ef2a3e           1,174.41        3        1,084.04        90.37
  1443 edd066cd02126d7800f9b66e980e9931           1,173.93        6          987.70       186.23
  1444 7df1fc11cc5cbc518b39faa60cf5d67c           1,171.96        5        1,037.60       134.36
  1445 05730013efda596306417c3b09302475           1,168.67        4          952.00       216.67
  1446 e58a5b390e28abc0b216cfb0e07d27d7           1,167.23        7        1,022.60       144.63
  1447 55dedd83e501d8248880557d9073cbfd           1,166.09        8        1,055.30       110.79
  1448 d66c11a9572221d92fbb8c4897db5f9b           1,164.38       16          776.56       387.82
  1449 8b655f0855926bcb49f5835d38dfddf6           1,162.81        5        1,089.50        73.31
  1450 82cb9f452fe8334df74b22d37824b431           1,155.26       14          838.20       317.06
  1451 515d781150feed28a6ac091bb0e3cb8c           1,154.72        6        1,002.35       152.37
  1452 278b6e0b20c4f61fefaa0577943d7a35           1,152.62        1        1,078.00        74.62
  1453 db46ca7bce82b11f7e247539271fc390           1,149.86       16          933.97       215.89
  1454 e1dc0754bada9ee4cfe9713f22f61292           1,149.78       12          885.00       264.78
  1455 05a940b4ecae36cadfd8e93bd9c43257           1,148.94       10          952.00       196.94
  1456 f8201cab383e484733266d1906e2fdfa           1,144.83       10          889.00       255.83
  1457 70849ca4f400aaabb62cb7462a6f1428           1,143.24       12          909.58       233.66
  1458 1bc2e21de46adfea6b98cc96b00f3b40           1,142.55        3        1,039.95       102.60
  1459 c54679b132454625907c773d273d4126           1,139.93        7        1,032.00       107.93
  1460 c4fabeea6e569d42d02993bb1f4f1cbc           1,136.52       11          859.30       277.22
  1461 33cbbec1e7e1044aaf11d152172c776f           1,129.50       15          730.67       398.83
  1462 07017df32dc5f2f1d2801e579548d620           1,128.24        8          946.49       181.75
  1463 2379bdc3888025689a9deb7b141507d5           1,125.61        9          999.50       126.11
  1464 6cf476a4ca74498db55cbccdaa9dcfb6           1,125.50        6          939.93       185.57
  1465 633ecdf879b94b5337cca303328e4a25           1,125.49        6        1,037.60        87.89
  1466 d1582f4043306e6b91afa6a8a884f898           1,121.92        9          990.00       131.92
  1467 daf565f087a52def0fd5c5825b3661bc           1,121.83        9          813.90       307.93
  1468 9c690ceacd5c66731bf443ea810195cb           1,121.02       10          871.80       249.22
  1469 ddd51ae8cda92f3995a51fc0f0f3eec7           1,119.62        8          842.70       276.92
  1470 a2deecd5398f5df4987110c80a1972a3           1,119.53       16          827.43       292.10
  1471 7aa538dd6e114e503a2e6154ea352253           1,118.60        5        1,016.68       101.92
  1472 9198786624eaeb375793215cad26cfa6           1,118.37        9          908.30       210.07
  1473 bfd938b22bc99bce1ae60dc602889f52           1,118.26        6          922.80       195.46
  1474 e0eabded302882513ced4ea3eb0c7059           1,117.19        8          978.40       138.79
  1475 7ecef8194babfec876ca720714327841           1,114.26        7          990.50       123.76
  1476 d9442042130b7fe579d1295f9f4a248f           1,111.04       19          772.16       338.88
  1477 41c9d3997dd3c072c31139dc5bb5761f           1,110.54        3          998.80       111.74
  1478 b45d7ebfb7378630f1bcd74b6ff86ff7           1,110.01        5        1,007.50       102.51
  1479 7994081388d55b9cf976c050653dd359           1,109.65        2        1,020.00        89.65
  1480 670a9dda115b5a88b18cfadee8de2332           1,101.99       11          918.90       183.09
  1481 f0e103c63864d5405b958d984b6e94c9           1,101.41       11          951.70       149.71
  1482 91543f9849d68d023e17194926598543           1,100.57        4          834.00       266.57
  1483 7a9c12e235c36247c3c81f50d6ea9cea           1,099.59        5          983.90       115.69
  1484 7d7d2b7a51328016102d4528c411d630           1,098.85        7          918.80       180.05
  1485 6025c79c035c3d772133b8b8238463b2           1,098.33        2          989.74       108.59
  1486 17adeba047385fb0c67d8e90b4296d21           1,097.31        1          809.70       287.61
  1487 ffad1e7127fb622cb64a900751590acd           1,090.83       10          884.30       206.53
  1488 b7d5b4b87af9d42b601865d3f3810bff           1,090.02        2        1,049.00        41.02
  1489 4221a7df464f1fe2955934e30ff3a5a1           1,089.04        5          849.50       239.54
  1490 ef9952469137ff190bacafe117f51537           1,086.60        5        1,002.66        83.94
  1491 a13aaf2d2886ab9fb30fb9a920160b8f           1,085.83        4        1,011.52        74.31
  1492 a0d7fbb07bb5ebc3b05980e750db56f3           1,085.18        3          848.99       236.19
  1493 1f867308a0ce13133a4e639ff4de0c02           1,084.92        7          875.10       209.82
  1494 8e670472e453ba34a379331513d6aab1           1,083.96        1          975.00       108.96
  1495 77dcbb67ccb3659bd58eaf5661560a30           1,082.56        2          984.00        98.56
  1496 3d621842b2ed28e2b474132480edac3c           1,080.70       10          928.91       151.79
  1497 cb4a705d00e100b9732d0ca34817d441           1,080.56        1          998.00        82.56
  1498 8602a61d680a10a82cceeeda0d99ea3d           1,079.90       17          826.99       252.91
  1499 010da0602d7774602cd1b3f5fb7b709e           1,079.75        1          849.50       230.25
  1500 dc7192adf8ba09569261f4a8d576afe0           1,078.43        7          917.00       161.43
  1501 5a05a16bb50629ee31afab8a6d4c2674           1,075.48       14          794.30       281.18
  1502 79a679c36c08d606b3fd47ead9de109b           1,072.22        3          935.00       137.22
  1503 68f86ba270525243e68ae74044f992b9           1,071.31       11          876.50       194.81
  1504 4f1f1c8666cdb6442f775c4e8caed465           1,070.39        2          944.98       125.41
  1505 ae45df84722b1d15c5f32b23a095746c           1,065.49        9          901.83       163.66
  1506 13511db12ac61e2f89c53b72a944a60b           1,063.97        6          798.00       265.97
  1507 e644cbadf7eeb30d0d29f335ce7d52ec           1,063.59        8          878.90       184.69
  1508 c37b2059d4f90d4feead554e5246565e           1,061.28       12          839.30       221.98
  1509 9d681c7e12db302cb261e721040dde65           1,058.68       13          785.60       273.08
  1510 8a43128d7f9a3db592b866e6861a6cce           1,058.49        3          990.60        67.89
  1511 6b9b80d53ba3676eafe60268a810b5a1           1,055.66       10          882.70       172.96
  1512 80f2cf9abf6b5a0e5c612b5eea6646e6           1,054.78        7          766.08       288.70
  1513 6e4f5ff6b086632ba8dcb558fb10249e           1,053.25        5          838.90       214.35
  1514 b81e3a6c866a764974fe849821abeebd           1,053.01        8          836.15       216.86
  1515 1bb3812d5f0747a3ab7348f199001a10           1,049.57        9          834.40       215.17
  1516 74636e24f01da9268b0ed88dacd8513e           1,048.61        4          776.00       272.61
  1517 e3a386fc36e22064434e1fa256f6a9fa           1,047.15       16          793.90       253.25
  1518 dff87e4de60c9736ce8df835951b09bc           1,043.43        2          998.00        45.43
  1519 a67780aba9dd436e7ac0aa1f889e73ec           1,041.04        6          863.00       178.04
  1520 9e9b539eb2806acee3f5c28085c1db9f           1,039.47        3          967.00        72.47
  1521 28872dc528e978a639754bc8c2ce5a4c           1,038.90        1        1,009.90        29.00
  1522 caa9bc43a9fe8cf9c564ddd8a03cc4a6           1,037.74       13          803.87       233.87
  1523 ab3e0c171fe84a7ba7de130f19cfb485           1,035.70        7          863.42       172.28
  1524 e8dba4d70f7f2b20e775d09cae01142d           1,032.39        9          855.91       176.48
  1525 d8cf3b6a2151949f930d0252b180ec42           1,030.18        6          623.70       406.48
  1526 0791d9fc1e30678ecf03d3e55fa108d3           1,028.99        5          842.00       186.99
  1527 48985c61529077fa4f1e38bcff0f2ed3           1,027.37        7          879.30       148.07
  1528 a99504ac23ed125aaf5302af6cc30af9           1,025.24        1          978.00        47.24
  1529 0ff83046c3fa22efee8ecf291888b191           1,023.38       10          768.90       254.48
  1530 4ef4c39cf3c24f326434cf0b2e48046a           1,017.17        8          891.00       126.17
  1531 63a79f5a7eb5cb48a7e5787b141c7993           1,015.93       11          815.10       200.83
  1532 3f9c56764fabca627406093dcb3ef0b4           1,014.95        7          909.30       105.65
  1533 808d4348b916efa08e766ebad39f61eb           1,014.92       21          731.10       283.82
  1534 cac63f48c38cd7d002a7e846dcd99a23           1,014.62       10          874.00       140.62
  1535 528bcf6680c36dddf07620bd35b33a6f           1,013.84        2          969.98        43.86
  1536 bd4431c1a8dfa744b59e1e2a8bc99b9e           1,013.59        7          809.50       204.09
  1537 cb6c9f5888a7a090c75beaf615925792           1,008.97       11          779.89       229.08
  1538 1cbd50a8c52e6cf8e315c5709fab386f           1,006.66        9          785.97       220.69
  1539 134a288e7de827ec5ec62e3ec9c3a295           1,004.00        9          877.45       126.55
  1540 f783a638e9c6af4a7d0dbfde811e7a81           1,002.90        5          849.80       153.10
  1541 c6a7539d424a8402232c2228d7a03c5e           1,001.32       10          607.50       393.82
  1542 d4f117125b59ce73c3302f88ee40c458             998.61       17          783.29       215.32
  1543 eddd1991bd6d9309995a480c39b95137             998.41        3          866.00       132.41
  1544 e51f22821f0c12a16ad5c020cdcd55e9             996.84        4          898.71        98.13
  1545 340636a908b13bbe0f4fb63fbe1d0c03             993.15        5          823.20       169.95
  1546 fe1b067411b8c5066e962aa146ccee03             990.88        8          847.78       143.10
  1547 0aa2205ca24f113f4658a5c536667426             988.10        4          815.62       172.48
  1548 69b5eaa096c3f9d1e5c398c597f567d6             987.02        2          938.00        49.02
  1549 d9e7e7778b32987280a6f2cb9a39c57d             986.39       11          722.50       263.89
  1550 6f83d9e4da896daae20b9b6b2d3ff8d2             985.04       11          765.19       219.85
  1551 b19c48688808720822399ffa9f2dbe2f             984.81        1          959.99        24.82
  1552 da6a60cc8cc724fe51be021ff8be779c             984.58       12          728.79       255.79
  1553 39c763cca83e654764b7a4a650fb9b7c             984.21       11          761.00       223.21
  1554 160e4f13fd3a64b1b86807be88b5ffb0             980.45        4          886.00        94.45
  1555 e9729944ba65dc3ce425e0c5a22ae7b2             978.43        4          916.70        61.73
  1556 297d5eccd19fa9a83b2630071ff105e4             976.73        8          834.97       141.76
  1557 5c3460cd3e8a984382ae254e7dd20d9f             974.30        9          775.76       198.54
  1558 ca77545ca4d2dfd1431bf61334e2fa3c             973.71        6          760.00       213.71
  1559 efff9341f3f8f5237b44ff67ed36a7bf             972.65        5          872.99        99.66
  1560 41c2bad7229b0c25e6becf179ebf63ff             971.92       20          782.00       189.92
  1561 ac6417315ae5da8f9a38ee11de6f7780             971.43        8          788.90       182.53
  1562 c8025364abeecb115431bf95c11a747f             971.28        2          928.00        43.28
  1563 c89cf7c468a48af70aada384e722f9e2             971.01       14          745.00       226.01
  1564 8d46553a36e68f95350a200c12f8f2e2             969.60       13          746.60       223.00
  1565 562f8cfc51f265411f487d07e9c40e7f             966.25       13          766.92       199.33
  1566 e8a85b5f3df47be0984c55fd4064dbb4             965.99        8          743.00       222.99
  1567 d0d70d21e2234dd7cd3cf63fe414148a             964.99        8          598.40       366.59
  1568 b2c97074649f92197d9387d9033dda5f             964.08       10          684.71       279.37
  1569 87d3c3aeb3ead335511b3ce315eb341e             963.06       15          749.35       213.71
  1570 40536e7ca18e1bce252828e5876466cc             963.00        2          463.96       499.04
  1571 ba5daa4041e1f15cdf34b76e3e18a450             959.35       15          806.80       152.55
  1572 0aa124728afc1131dff5655f4c6f487b             958.78        2          850.92       107.86
  1573 3492e68f37fd1df87f4f2f2ea247f445             957.26        8          787.86       169.40
  1574 6861de0f40cacb0602e473c51639f980             949.73        5          674.00       275.73
  1575 7dc9a3355bae96dd82008b313d3a456c             949.62        1          899.00        50.62
  1576 a1544b9ea0b2390e020537d4daa89049             948.53        8          841.20       107.33
  1577 6d22a1fcebb6dd08c9cd90b92a93e8d0             946.43       12          723.70       222.73
  1578 8a40ae794fa3f9892cee24bd5af0488b             946.26        6          739.85       206.41
  1579 1961c3e1272bfeceb05d0b78b5bbfdaf             945.43        3          896.00        49.43
  1580 2dd1fb6f0e42a2243b8a01e40cd41216             942.73        4          845.89        96.84
  1581 a247197e2e9c19a6a53a6888cb8b660f             941.07        2          798.00       143.07
  1582 e5cbe890e679490127e9a390b46bbd20             937.71        2          908.99        28.72
  1583 2b03ac196f5ed62ac483960fe0fa3b65             935.19        7          843.10        92.09
  1584 a72c2f59332659e361d647515c698798             933.93        5          802.90       131.03
  1585 0d33a55da925bbf1ff02af5f6059fc7f             932.91       22          547.30       385.61
  1586 5a413ade68e8f8d93071a7f52a64cb9e             932.67       14          778.90       153.77
  1587 6e864f5c4669eff3d98140a07cc50202             932.36       13          740.59       191.77
  1588 eba88037e1dca898cd02881f67ced679             931.57        6          838.10        93.47
  1589 52a52b9f656520e99716f5bc40f661c8             931.22        7          783.10       148.12
  1590 2c43fb513632d29b3b58df74816f1b06             930.17        3          858.00        72.17
  1591 1430239a858e7682bbc43b20758af153             929.54       18          660.79       268.75
  1592 e1c76f339ebd5460999f25a2aa8c92c5             928.70        1          899.90        28.80
  1593 5962468f885ea01a1b6a97a218797b0a             928.04        8          791.00       137.04
  1594 11eac105f3f90a9b87b19c89d91e24f3             927.83        5          802.89       124.94
  1595 32e5635e63cb374eb63afdd242fb6134             927.82        1          910.00        17.82
  1596 75a4764c108403a7a0575140cb22287c             927.05        5          716.90       210.15
  1597 1cd9e0cc1839d55516843def5600816d             926.72        5          825.00       101.72
  1598 14ee35374a7876217954b5fa08e50463             923.05        6          809.00       114.05
  1599 134b867a0f7f8bbe6abf10f91874891e             922.84        1          789.89       132.95
  1600 9c7fd21e0aa159b20da593371f08ff7c             921.80        7          798.30       123.50
  1601 4deebb3199eeafb282ae33229144f94b             921.49        4          779.70       141.79
  1602 a3b42d266fa8afc874b909422ce88582             921.24        1          839.40        81.84
  1603 024b564ae893ce8e9bfa02c10a401ece             918.40        2          706.40       212.00
  1604 c8cc60ffd415254af5d9b9f34f32c369             916.23        8          722.20       194.03
  1605 638cba8be1fb599bbb76fd6948351eb3             913.87       17          598.20       315.67
  1606 ba6b4a237f92479743cf0ca06b67a9ac             913.71        8          801.89       111.82
  1607 a1bea7061f61f6fdd9a85a6325ba1033             910.88        9          810.95        99.93
  1608 1099a00e0ee3a50935e6c2447ca090c5             910.83        3          849.70        61.13
  1609 39d61be7a92eb77b7da367bd4845bc0e             909.62        7          700.59       209.03
  1610 7c51de0ab286204ce75ff42bf7c10d92             908.64        4          759.00       149.64
  1611 4c61e37f664c3c88aff092aa5ac779d7             908.17        7          788.31       119.86
  1612 d29ba1220fb8634fa3a107e54497b8a4             907.86        9          724.94       182.92
  1613 25be943a321c8938947bdaabca979a90             907.55        5          769.00       138.55
  1614 c00396cbdd2e088fe4281baa5920aef1             905.85        1          832.41        73.44
  1615 dc64d75cc406bb0697be983831430e60             905.55        4          813.00        92.55
  1616 49383af7ab774e4e8f3000f49c83dc4b             902.23        8          660.00       242.23
  1617 59cea8e446d3834393058e7e0666b6fb             901.14       10          696.60       204.54
  1618 b16d3dadc47d4eb18be3d88bad0775ce             900.54       10          722.10       178.44
  1619 28ea411b354f14b1a494be4e79f0ce02             896.93        6          820.00        76.93
  1620 71271995e85f5b8530be99ed54a91b89             896.83        8          776.00       120.83
  1621 365e4bce19bda0082c3d15d83fdb8bcd             895.02        6          796.40        98.62
  1622 ef30892870c278497523264be1be2241             892.54        9          783.20       109.34
  1623 0d4c8269e7f0401201794deef160edd6             892.03        3          792.64        99.39
  1624 253f95b3a0e6983ae18aed49fbc2b845             890.94        5          799.50        91.44
  1625 07de60b03d150fb3ea09eab5da5e4c8b             889.00        9          719.10       169.90
  1626 312ba1d77e9c332ef21f9598b7f64cd7             888.05        9          756.00       132.05
  1627 5acd070dd3fe441bbb2ec1f1ede515ee             886.37        7          764.17       122.20
  1628 400f221ab83037c0ea78f1267da9624d             885.80        1          865.00        20.80
  1629 5f06030071324cc52bf0304014ac7234             884.31        4          783.96       100.35
  1630 fd435faa3c0422b60440ea3480d0e77c             882.87        1          749.00       133.87
  1631 7a91bf945c6fae0779f1c61ce97fe45c             882.07        5          799.50        82.57
  1632 5996cddab893a4652a15592fb58ab8db             880.75        1          810.00        70.75
  1633 f435898e493ba0356019a0b1cb8b55b1             880.68       10          649.76       230.92
  1634 cd3d09fbe6e3e9ff0c0ac0c300e93ae7             880.23       12          651.04       229.19
  1635 6e1862e15f33d9994bc25922a85e1efc             879.96        8          732.49       147.47
  1636 014d9a685fd57276679edd00e07089e5             876.81       11          729.88       146.93
  1637 ba6ce6de456f6c11d08c17701ba5c26f             874.51        6          744.35       130.16
  1638 7210cd29727d674c00741e5e387b3ccd             874.18        9          729.09       145.09
  1639 b7cc6c5e001441ae8cdd5c69a480cbe4             872.30        6          651.80       220.50
  1640 c7fdb77fdbff3c41981bc52f787e959e             871.88       10          696.32       175.56
  1641 e560e4022d8f7aebf155db95946c5c0f             870.21        2          780.00        90.21
  1642 70bf57d811208f8923b41bbd499a67a4             869.73        7          780.80        88.93
  1643 f19516b9ff26bfeb091b30108db4ddbd             869.44        5          727.60       141.84
  1644 c6218512d16fcac0af02fe92691cf274             868.64        8          674.00       194.64
  1645 68ca56ce86830f3d31b1b7ec6a54da3e             862.96        6          719.59       143.37
  1646 458c6fa920810ce2492da71bc26d9eec             862.37        2          756.76       105.61
  1647 fe1bbc5feda5c8979a8a1b3b2512d5a6             862.25        9          724.72       137.53
  1648 9aa388272ee334b6ae07bc73706e254a             861.46        6          678.00       183.46
  1649 7bcd7c5f8631701474db233ccf1c094b             860.94       11          666.00       194.94
  1650 bc503e244f187939d10c92a5c8e378ce             859.80        7          637.67       222.13
  1651 aac51c486b672a9850d59f3e84b1cf88             859.57       10          728.28       131.29
  1652 52956b80ae65fda598f06f6b9943e7a9             858.85        3          792.00        66.85
  1653 3d68c634a99a1ba46dbca3967a69c623             857.70        2          594.00       263.70
  1654 6b15924333bd1a741595fe981ea04822             854.46       21          614.32       240.14
  1655 89a51f50b8095ea78d5768f34c13a76f             854.26       10          677.16       177.10
  1656 bdae679a9b282249bc23b9b69dae9a99             851.98        6          663.15       188.83
  1657 3969863bb8af7f72580b3b1ffd3a17b3             850.02       12          623.15       226.87
  1658 4a1917ef994878940e1fb03eeb787ad7             846.62        2          768.00        78.62
  1659 be8e909810184b9b19e886129149d8e5             846.08       15          629.85       216.23
  1660 6bb62a4912377c7bfe7cb17b406bc7e6             845.39        4          739.52       105.87
  1661 8bd0e3abda539b9479c4b44a691be1ec             845.34        7          596.55       248.79
  1662 9dc79dd988ac42f4d56c340d7048420a             843.93        4          749.60        94.33
  1663 da03c298e3999e9d828591fc2179d109             842.48        4          787.70        54.78
  1664 21c62b998a043ebe31161d38f84929fc             841.33        4          750.49        90.84
  1665 2ba91c7ad80ff88b23b7db823b43c233             840.33        6          740.40        99.93
  1666 c522be04e020c1e7b79f3acff36513d5             838.30        7          739.93        98.37
  1667 e73bf2cea7fe4b0b4d287a7568ed1099             837.83        4          737.70       100.13
  1668 236585a4ddb5fea9fa40233e2249ed91             837.67       11          649.53       188.14
  1669 851773c885feb5e2da3b4f82bc2b17ce             837.13       10          585.30       251.83
  1669 7354220fb240bde543b3c40c060d41e7             837.13        7          672.00       165.13
  1670 43402bdf22aa2310e8f99e2f94f78628             837.10        4          649.95       187.15
  1671 5f7300535881cef3b625fd683cf7d145             836.83       10          665.98       170.85
  1672 6524b847b982cd56bb5d4b02b776ee42             834.94        1          779.80        55.14
  1673 ac51cac5e20d69ff485a54746488ef48             833.77        4          759.90        73.87
  1674 f9eedec3129e8cc6b6429c42d0808c5b             833.15        2          789.80        43.35
  1675 ba6b68b55fe8704377a7d43c8e5c0185             832.22        5          739.77        92.45
  1676 2305ab43e846518f58dd9d59f3f54e96             831.26        3          788.89        42.37
  1677 11742f81550ac064cc9a40f67151d9ad             831.01        2          781.90        49.11
  1678 ad273c9eb54ecb4532de4bf75bae9e4e             829.75       10          645.00       184.75
  1679 de09d00cfc265b8804c7df34075a68fa             827.97        3          784.00        43.97
  1680 b0b346d3a89f5eb4c2968af3f083cd43             826.60       11          614.00       212.60
  1681 55c26bcb609f480eb7868594245febb5             826.23        6          664.40       161.83
  1682 bd1d49a326abfa9b1036772e40445430             826.20       12          637.70       188.50
  1683 a56e351445e5863fc8960640ba9190c7             825.98        3          760.92        65.06
  1684 94231344608e603693b0a8891143f65d             824.18        3          722.00       102.18
  1685 83d7070a0b9a8b4625fa8682b819fabb             822.40        2          694.77       127.63
  1686 5ef131ac72773e5b3f6c0d63cf424657             821.99       10          575.79       246.20
  1687 13f57c12a00ed4610db646b913a7f5c6             821.15        7          645.20       175.95
  1688 0d83f8e03188682112cc0d93523705cc             820.57        4          696.26       124.31
  1689 2063dd1b9f568df1c16741ea7d3e6adb             820.27        3          763.10        57.17
  1690 9535a841eecebed61a9fb1ac1cbb5597             818.33        2          784.90        33.43
  1691 ed8cb7b190ceb6067227478e48cf8dde             816.21       15          573.50       242.71
  1692 8e29d051f810eb22959ede205b462b9f             813.28        2          599.80       213.48
  1693 191d55f7edb8524d525ed01b20fe32e8             812.80        3          747.00        65.80
  1694 a254c682cc01e119f83530446f1df9a9             809.42        6          569.40       240.02
  1695 38102b031c2a15e54623d711bfc753d3             809.41        9          457.00       352.41
  1696 8c0de775f52fe41590b376a3b7c50f68             808.03        9          672.70       135.33
  1697 0a85ebe4e328db81ac9109781205e2f7             805.65       12          667.90       137.75
  1698 38e6dada03429a47197d5d584d793b41             803.05        7          596.14       206.91
  1699 d79e8478eed9999493990b44955fb22e             802.61        5          721.89        80.72
  1700 fac35d150712afb921ec59ac5f39bb11             800.64        5          696.00       104.64
  1701 179d859f51292aac5c10806a356f7af9             800.27       18          404.47       395.80
  1702 73b8eb4a9a729d4019b24ed1be748cbf             797.98        8          692.41       105.57
  1703 8d899e15a5925f097cca50faa49b15e3             795.98        4          645.00       150.98
  1704 8759e7aedd644f487315e5860962f162             793.34        3          627.00       166.34
  1705 56db5c0782e8f7ddc9343f9576ff6d16             791.95        2          734.80        57.15
  1706 2059c39f76271d4ca3f15b5ffaccc8b8             791.29       12          604.90       186.39
  1707 1d29dfba02015238dfbe2449a5eaa361             789.92       12          612.80       177.12
  1708 cf654707ed6a99f112c7ec3d6f314b8b             789.54        3          756.00        33.54
  1709 b7ed9fb14c8eadb37adb9c45d67ab0fb             787.75        7          566.00       221.75
  1710 e4ebd3f87bf70440014f07ddda7fbe03             787.26        7          671.50       115.76
  1711 8c91bfea4263b8fba54081460693e2a1             785.75        2          739.00        46.75
  1712 5bba18b40e8c973b0f32e748004775b0             784.80        1          739.98        44.82
  1713 6824a69c9ea0313eba299dd4a2dba09a             784.08        6          666.90       117.18
  1714 0b36063d5818f81ccb94b54adfaebbf5             783.00        1          765.00        18.00
  1715 d558ebe531605a1285ab2b1bc3256dfb             782.23        3          709.00        73.23
  1716 2aa3443d7bf9d9bb11133f420d75e083             781.12       10          647.00       134.12
  1717 b4b447d715f9ab302a188fb43d3e96b3             779.66        5          685.93        93.73
  1718 48fb026ed7455a42f5d3e9390ed5088e             779.14       11          555.71       223.43
  1719 7b98de631987e26dd6d803490c43a13c             778.63        8          634.20       144.43
  1720 d94ba08b99bedd6a5f6c875ecc4a6fac             778.27        9          599.00       179.27
  1721 c447f8dd3ed213f291d65ef074a268eb             777.23        7          655.00       122.23
  1722 89dda63a3c907c468ec88c310ed91213             777.13        2          734.99        42.14
  1723 525e75a6fb1454a2325ab1734bcec221             777.07       10          657.07       120.00
  1724 da4d149c0ddbac90557103ac0a0ec356             775.98        1          730.00        45.98
  1725 c33a5c3c983090c8b78a28e65052a20d             774.16        9          629.10       145.06
  1726 b64d51f0435e884e8de603b1655155ae             773.54       17          416.18       357.36
  1727 54aa8463e87776b5612f4bdc4bd5d4de             772.83        7          649.30       123.53
  1728 26af45f5dfd967225a832838aa4e24a3             771.61       10          573.10       198.51
  1729 b0398568231ba5e6734af1881671a317             770.12        4          656.77       113.35
  1730 228e4c1a0be164f613d41c24345f9d2c             769.44        5          539.70       229.74
  1731 f3295428338a40977a03f555246a70f4             769.38        7          644.98       124.40
  1732 8132b9bd16876e1b0f8808d43825dd48             768.94        2          727.90        41.04
  1733 768a86e36ad6aae3d03ee3c6433d61df             767.70       17          587.46       180.24
  1734 61c36f0fc4a47f9532e5512b66668e62             767.69        1          750.00        17.69
  1735 1352e06ae67b410cdae0b2a22361167b             765.22        4          696.00        69.22
  1736 9cad4b68bb993ee401a3c5aaa2bc26dd             763.33        5          649.30       114.03
  1737 9d5604a1f112324ad6b2aa552122e0fb             761.98       13          421.50       340.48
  1738 2fb25ab44bdbeae6a4d816e0d0c9d500             761.29        5          683.08        78.21
  1739 72c38a04bd6a1c3dbc5298425a0db86d             760.65        4          647.30       113.35
  1740 07d75e33f2750d97d467fb57e4dfdd8a             759.59        2          722.40        37.19
  1741 299c89a525fee36c567f4fe72f038100             757.75        2          658.00        99.75
  1742 01c97ebb5cdac52891c0ed1c37ba0012             756.00        9          577.50       178.50
  1743 acf974e4d5950ad143a247471b831eb9             753.62        5          423.80       329.82
  1744 6c99c983ce3b6ba0ab813e6790e81691             752.51        9          546.75       205.76
  1745 0570350b23eda5444f8d1d9544932058             751.76        6          626.90       124.86
  1746 3d3ccf2b2f8134b10dce9dd446f0e075             750.53        3          608.60       141.93
  1747 6e0908ef4d4efadbc3cc2b74ea477cb0             750.28        8          589.45       160.83
  1748 262237171f48e85819065498cac80d7b             749.00        4          599.00       150.00
  1749 02b72cdeb9cfcc429f1af6f4e3f3b737             748.64        4          522.65       225.99
  1750 b6dc74ed30f124f95227bed4e43a3bed             747.59       11          518.96       228.63
  1751 916748bc99315c2d202898ae58b1617e             746.51       25          369.40       377.11
  1752 95b293867b5862941c9cd74f756a3c68             746.22        9          648.10        98.12
  1753 26bad72add1f86e08a776ce4ffdaf1ca             745.92        7          622.00       123.92
  1754 aae5e7b457a3c72ee230a47d98fceda5             745.57        5          604.80       140.77
  1755 d9cd369bffa979d1634f8e1318bf2f1b             744.81        3          678.00        66.81
  1756 f52c2422904463fdd7741f99045fecb6             744.80       12          567.79       177.01
  1757 270d3ef21830ad0ecf3a6c53d08a533a             743.67        6          509.00       234.67
  1758 3ef37b7ca6dd2b80bd8af81a62504996             740.97        2          700.00        40.97
  1759 4e6015589b781adaa5ce7f1892d06bb1             740.50        3          684.00        56.50
  1760 6d988d6174a2c27441597174f8905515             737.20       19          371.73       365.47
  1761 11938fcc75f6902fea1d0a6f72b54a57             737.14        2          594.98       142.16
  1762 c84592044b180dec206770c38603814b             736.20       15          511.94       224.26
  1763 328acb143b4a73aad6bee8e734f5d20d             734.75        2          699.98        34.77
  1764 b274baf5bbd142410eb2958cf685d684             734.57        7          585.90       148.67
  1765 be3b4b0f050a6aa1b2d901c4b77e979f             733.72        3          578.20       155.52
  1766 39a5005f2605cbdb4f9ac14485cabfd1             733.66        3          501.07       232.59
  1767 8a207b6080964f3c1fc9d35bd6096ba4             730.04        2          553.70       176.34
  1768 eb5b6204dde3a6e03b5f1bb8479f055b             727.33       19          452.20       275.13
  1769 b12cfd255810394b60caef18ae163547             726.15        2          560.00       166.15
  1770 2f74af7a0ee5636f12c2336f9fffed47             724.47       13          560.70       163.77
  1771 c157bdeedcbc9a8e3c8bf0d87ff24428             722.97        7          514.27       208.70
  1772 1d503743d2526f03f0c2c89540ee008c             720.53       12          516.04       204.49
  1773 9c1c0c36cd23c20897e473901a8fb149             717.04        6          544.97       172.07
  1774 385799a1cddbd26dfeb9157356a42282             716.54        5          633.93        82.61
  1775 1b4b28463457a256e9a784ebe2a8f630             715.34        1          699.42        15.92
  1776 5d043cd5512d4bd2f88e5ccdd5736c38             714.91        1          650.00        64.91
  1777 5a6a02f419701fc8c605af71d4fc57a4             714.41       10          600.50       113.91
  1778 768de2a4fc06aacecb9a586ccc30746a             713.53       14          475.60       237.93
  1779 eebb3372362aa9a46975164bed19a7e7             711.32        7          591.92       119.40
  1780 a513150f33f99a06569e9cd5c4bb889b             711.25        2          677.00        34.25
  1781 cb9fb4ca75d7ba8437480e8dde64fe98             705.56       10          532.14       173.42
  1782 4de6e4ba574aa9dfdc824bc44dc47fdd             704.42       14          451.10       253.32
  1783 e601b04acf48b4576e73ddca9481f0dc             702.94       15          491.94       211.00
  1784 3f9be91358837bff69df67edfa3e42e8             702.06        7          569.70       132.36
  1785 89ad3263c0931c47f976d7c5778e60f6             699.74        6          568.20       131.54
  1786 b44dbfbf62e52125f3c15d230569ea91             699.06        4          609.37        89.69
  1787 5882f40daf39bc2a465e0cb453ddc222             698.90        1          640.00        58.90
  1788 6650fcccd8cd2f7e55ffa524f30c4c59             695.70        3          529.70       166.00
  1788 6e4a902d1054e4e17aa6eab87fac1c75             695.70        7          586.57       109.13
  1789 c53bcd3be457a342a97e39e5a9f0be22             695.59        5          509.50       186.09
  1790 b26741d31a563d769b4af0465ab20c56             695.03        2          648.00        47.03
  1791 af7cdac9d9897cddead9c6b08976c642             694.01        6          543.54       150.47
  1792 c458e2045a8aa8964f8879af03fdcce6             691.70        4          494.91       196.79
  1793 4be6b962d83299498bae2190f95d6566             691.09       11          508.80       182.29
  1794 3be5841cdcc46de4ed3f9116f104b2c5             687.95        4          599.60        88.35
  1795 6179a28a13a726c29b3bf54c070dccab             686.24        2          600.00        86.24
  1796 70b52a4cfc823994561b00bad161b4ed             685.35        8          585.00       100.35
  1797 26d6bbee02420494d471c9f6436929c0             681.70       12          434.51       247.19
  1798 3968920b9aa752ab98f7d5888c9252f2             681.01        8          523.30       157.71
  1799 c52c644cc0dc85121207a27013efc6af             680.96        1          397.80       283.16
  1800 6879c4d287a8dd06b11f54ea8f78e4da             677.13        6          527.67       149.46
  1801 6eeed17989b0ae47c9f11ece6f38ea90             676.01        3          557.00       119.01
  1802 53336f97ddbe53e2a617d07b17447b95             674.83        1          599.50        75.33
  1803 83353a83fd769dfafa4f21a72b15e3e5             674.33        5          579.50        94.83
  1804 685b870da5b52a710782c9c0fefbeb5b             670.98        2          627.00        43.98
  1805 ff4e2d38692ce827b1a4f4b8196e680d             669.18       11          518.90       150.28
  1806 6dc9bec584588412a6a338830946a3e4             667.83        2          560.00       107.83
  1807 48efc9d94a9834137efd9ea76b065a38             666.00       33          345.60       320.40
  1808 bf961104a38e01b9062ee026bb657dee             665.46        4          585.56        79.90
  1809 63ffcb71394dd8ea3872ed9ffda17c74             663.72       17          399.00       264.72
  1810 e4fc40017a6d22c46a14ac2e17f87c3e             662.05        3          387.00       275.05
  1811 4170f6a9367e6b5d6401d03ce6d54569             661.81        4          568.78        93.03
  1812 b5bb2b985208834bd5bd86c7a402bbad             659.72        2          621.06        38.66
  1813 7402d13c03a7e91366337cd1de471144             659.57        4          528.38       131.19
  1814 89bc797e2e29667aa035d4368f9b7f92             659.45       17          407.30       252.15
  1815 c7a0a13cbcf29d5ce51c8f80afdc0b89             657.80        8          483.08       174.72
  1816 ad8ada0ffa993cb1197d102d9ab21a3e             656.16        1          599.80        56.36
  1817 4e326052e5dbba8adcd512f3450a307e             655.96        3          570.00        85.96
  1818 6ee85be3693ed79a8e80718743d80655             655.32        9          484.50       170.82
  1819 9e6967d3cf386d284251784b18ccb485             654.90        9          517.67       137.23
  1820 f5b44895715ddfe3087dc414f30268f3             654.44       19          378.80       275.64
  1821 791cfcfe22fe4a771ece27f90017da92             653.75        2          596.26        57.49
  1822 13c2ed7698b3ca92dad49e849219da59             653.29        8          498.61       154.68
  1823 d4e4b5192cba4e0e66eb12a9d347239d             652.09       12          441.80       210.29
  1824 bbaff50f3b708fda865918715276cd87             651.77       12          449.70       202.07
  1825 3ea00e1dea2b0659dbaf654735929220             649.97        7          505.00       144.97
  1826 a35ef466c6fd6d052f5d241240d3c5e2             649.55        3          569.90        79.65
  1827 7c1fea10b5b006671d608b1d7c446ec4             647.75       14          423.60       224.15
  1828 2e7ea2aafec5835e781b21d6d1faf1f1             646.62        7          528.40       118.22
  1829 1588ac4010787100dddef64568f0ae35             645.97        3          599.97        46.00
  1830 bb2afe2061d53c6968aa0cffa233a8ec             644.02        5          549.40        94.62
  1831 e627629ba868740e287800f1a9be81c2             643.55       13          504.50       139.05
  1832 8b2d4ab22f42c5cfc338b846decfda60             643.32        6          458.00       185.32
  1833 c3aad7dc65449ae90a5e9c3c6c1e78e0             640.36        6          510.00       130.36
  1834 ce616e1913288884e7742faac9d981db             640.03       15          365.10       274.93
  1835 1fe61aa5494bd3ae92a2c13e067c810f             638.58        1          537.76       100.82
  1836 f9ec7093df3a7b346b7bcf7864069ca3             638.13        9          519.20       118.93
  1837 74871d19219c7d518d0090283e03c137             637.91        6          550.04        87.87
  1838 b87a7ea0c30fad2dd6781b74a0064859             637.75        9          515.40       122.35
  1839 1f7fd2a6fcd5a6fa5d8a4dabc72aaae0             632.68        3          531.80       100.88
  1840 2953ce3a88f5e3c3b696d77fc9e4c8eb             631.32       14          470.00       161.32
  1841 d197aa8fbc64087f61984deef05f6227             630.65        6          519.09       111.56
  1842 9599519be538b98748162a2b48248960             630.06        1          570.00        60.06
  1843 70125af26c2d6d4ef401a1d02ae7701f             629.62        5          371.20       258.42
  1844 6c17baf138731a4aaacc3210adf2037b             628.72        4          538.80        89.92
  1845 c42fd8e4d47dfb18ce5222f2dd7752f9             628.63        7          466.99       161.64
  1846 5f5a58930c3c35f3b5af264f34fb8c85             628.59        3          560.00        68.59
  1847 cd2169d9f31ff6fbb9ca3373b0c9e354             625.33        1          569.00        56.33
  1848 b3f19518fcec265b2e97af287725f981             624.48        9          486.91       137.57
  1849 3d0cd21d41671c46f82cd11176bf7277             622.38        9          447.80       174.58
  1850 7b7f91e98f8c6def45a1407923304402             620.49       11          417.47       203.02
  1851 d7485b33791774c36108f8c69602d48d             619.14       10          399.82       219.32
  1852 32fdd5d44ecb43dfd6a24b9369eca144             617.88        8          479.20       138.68
  1853 33cbda8716511e27e556dff9d8418bf2             615.57        5          507.40       108.17
  1854 4a82168aaef173cbb6e46ae88728f919             612.39        4          512.00       100.39
  1855 eb9cd5b35d95206585e2185318cb5c61             611.55        2          550.00        61.55
  1856 a2fa0bdc798ee84cdb08281337cf4fb6             611.02       10          392.75       218.27
  1857 f524ad65d7e0f1daab730ef2d2e86196             609.50        1          578.00        31.50
  1858 b248792ac0b60ec3f93d80af1b4fae47             608.35        7          454.50       153.85
  1859 fc59392d66ef99377e50356ee4f3b4e1             606.96        5          519.99        86.97
  1860 a06c8ff043abea0528ee44171e2140a2             606.93        8          514.50        92.43
  1861 08084d990eb3f53af056ccbc1730c8a7             606.79       12          372.50       234.29
  1862 35b96509602ec4b7da831b5cd73ff2c2             606.45        2          558.90        47.55
  1863 08d1c9478fb0d7d7fcac9c0da4e82fc7             605.57        1          538.00        67.57
  1864 e1b12447a7563944843191754aeb5562             599.13        9          472.46       126.67
  1865 97e995629983723d11830a829bc2b246             598.87        5          499.50        99.37
  1866 6e13dd869aa7185f601c941423abcc8f             598.08        5          522.00        76.08
  1867 e3dd723429d1b23614b7fa85e2c7a853             597.62        7          471.05       126.57
  1868 7994b065a7ffb14e71c6312cf87b9de2             597.34        5          453.00       144.34
  1869 e433f5fd4050e3352b5d83522b7fe24b             596.77        1          548.06        48.71
  1870 20a7efa9721046319bdde5d60b6b5365             596.59        3          501.20        95.39
  1871 ccbd753e6863fe7314dc6c0ca5a074e7             596.56        1          495.00       101.56
  1872 f650a9708fa1bab22bdd8d3a818cc415             594.58        5          507.75        86.83
  1873 bd15ee794d5e640d9dd71b665b2ab15b             594.13       12          374.80       219.33
  1874 651fe66032c9520ee5587f694908040d             592.73        7          464.00       128.73
  1875 64b87978a11c1ea7501a89eabe8c2c1a             591.83        7          489.93       101.90
  1876 6219ba2359cfb97f2e38fd4c321eb309             590.55        6          487.50       103.05
  1877 2c3d56f92f360fb89d849b84e8f50eae             590.44        8          465.60       124.84
  1878 55029529919c0123526150bd26ca8f20             588.83        7          453.95       134.88
  1879 35fb511489d9ee3ee27a76debce9df06             586.79        7          414.50       172.29
  1880 2009a095de2a2a41626f6c6d7722678d             582.43        8          388.89       193.54
  1881 e59e489e2ea74bd409b798b5daf49de3             581.76        3          495.00        86.76
  1882 0951a6e282947e09cd47969f4ed0b47f             580.32        7          492.30        88.02
  1883 7e79d65b5c6f1f544b7daea036acf720             579.89        4          517.80        62.09
  1884 820c7c9eaf76d2b226b6c242bcf3f34d             577.00        1          559.00        18.00
  1885 acb6c2ca5c82411c1fdb88d5fd5eb95e             575.49       10          413.88       161.61
  1886 2493dc3f20131696a0ecdb9948051a8d             575.07        4          504.38        70.69
  1887 f22a247b79dd22ecd91dc8e3b2a1b07c             574.84        8          439.94       134.90
  1888 4e480be820e37de1444325ff358c9296             573.74        1          430.30       143.44
  1889 ea00f977a203ff88adf7057cb7806998             573.40       19          389.72       183.68
  1890 35857757f553273b1056c1cabdace7fb             573.34        6          454.60       118.74
  1891 b9c0ffa92f3ff9a5a3d45ef7213c0842             572.17        3          490.00        82.17
  1892 979e9f8b5b39dd243a2550c8b05aecf0             571.88        3          525.00        46.88
  1893 9fc70243fb26800cba56e8f014797004             571.30        6          466.60       104.70
  1894 4cc4fd4fdd406a85bbdc1f824b731bd7             571.22        1          539.98        31.24
  1895 2b2fed75b8e5ea3a052fc4c0825da485             570.83        3          510.90        59.93
  1896 fadb07c842a2aef5d5a676b85f220e71             570.37        7          398.75       171.62
  1897 ff314fa6033cc68ec451c47aee2d6ba4             570.34        2          537.90        32.44
  1898 28fb0829fd777877cdc350d25cb5bd5b             569.26        4          499.60        69.66
  1899 79ee721b6f766066a80264402548d359             568.36        2          538.00        30.36
  1900 59cd88080b93f3c18508673122d26169             567.71       10          392.33       175.38
  1901 b080809eaacb49e5ca07290981472431             567.40       11          424.00       143.40
  1902 0c7f30ae9b147eca07affbef92832a6a             567.11        5          479.50        87.61
  1903 c286ec035ee04ba81c97508f0b5df544             565.90        2          493.00        72.90
  1904 64cc804291f90c81f02bfc2bb58ff55a             564.14        2          517.60        46.54
  1905 a8739afb32aaa45e01815ca76f76f54b             563.56       13          298.83       264.73
  1906 09bad886111255c5b5030314fc7f1a4a             560.36        5          487.50        72.86
  1907 d65f31d2413268e671989503f6cf9993             559.95        2          488.80        71.15
  1908 5e49e3a44bdeb5aab2684258bbd4f525             559.77        3          507.00        52.77
  1909 bac692d6c0ed08467878018e6cc9c26c             559.23        1          477.00        82.23
  1910 29e6e05b65f93bc224c644319dc52ecf             558.92        4          475.60        83.32
  1911 f1198c871e0171278b63f40d112caeec             558.07        2          475.80        82.27
  1912 038b75b729c8a9a04b0d07cba7eabe86             557.85        2          467.00        90.85
  1913 08d0949a9a17c027262db1f3c450c26c             557.84       12          324.80       233.04
  1914 c026ef0d72e9132d9fa112308090c8dc             557.72        1          520.00        37.72
  1915 48e954b2da4f6a750c844173b347ed40             556.81        2          397.80       159.01
  1916 c1f12f926d0ba950578b4fa41115cbb6             556.56        2          479.60        76.96
  1917 bd149ed516d4c5d418d5781f8e18919f             555.94        8          414.00       141.94
  1918 0747d5bb69f0586cc869d8af4c50f93e             555.49       14          346.60       208.89
  1919 a7dc4098e4da6e41b426269d12ae7e91             554.45        2          518.00        36.45
  1920 0ddefe3c7a032b91f4e25b9c3a08fca1             552.90        9          402.90       150.00
  1921 404e1ba01358af4cd63f679b2c4d1fa1             551.73        8          373.90       177.83
  1922 86ff3eaef0267069cc891a2ed9d10a17             550.36        7          409.75       140.61
  1923 4049512728d969bec69f84088b012416             550.27        7          389.84       160.43
  1924 5dc203c7b84a0e71e878a179de05fb9a             550.05        5          421.90       128.15
  1925 8fec2e460530482132c436cfb5439925             548.61        3          468.46        80.15
  1926 fcba71d4d5db057f43249145e4eb1e27             548.27        3          494.55        53.72
  1927 ed9eef5be0992d413d251fadba1a410d             547.34        3          404.10       143.24
  1928 7e959205cebc10adefcb331f934238a4             546.55        2          513.90        32.65
  1928 265fdc289dffa9f1ad801c74f7d0de47             546.55        1          495.00        51.55
  1929 3296662b1331dea51e744505065ae889             545.51        1          517.80        27.71
  1930 a53f60f05f822b5c621a50ff6a5cb362             544.53        4          415.40       129.13
  1931 a5bff0f43eb51f0cad7c37fac7244c8a             541.27        4          445.00        96.27
  1932 f88adb15807168d3c43d71021090ce4a             541.06        3          488.80        52.26
  1933 079d295dcbf06ee8bb1b65ba964eb2b6             540.09        5          349.30       190.79
  1934 117cfc326c6d50da67ca858ff5c0c852             536.08        5          454.60        81.48
  1935 b29d3380981c51df13fc6fbe87e1763d             533.88        6          435.30        98.58
  1936 e5899683388855d3dabe8913bbe365de             533.86        3          452.88        80.98
  1937 0249d282d911d23cb8b869ab49c99f53             531.88       11          393.00       138.88
  1938 20a8b0dc55da94fe74d112082427c84f             531.38        7          407.40       123.98
  1939 6b803197e03abd5056b4313306b4f29d             530.62        7          407.00       123.62
  1940 feb793c88d836c3a75efa4b5a3465d70             530.17        1          466.00        64.17
  1941 83a75eea11694e36e56dd0cb2240229a             529.47        3          487.00        42.47
  1942 ff1e15b778c700abdd4d239b81ac466d             529.16        7          414.30       114.86
  1943 777a0c55737f34ffeb78010f7542ab41             528.33        6          452.50        75.83
  1944 ead2bab70821ea148476ae9bc08548ac             528.30        9          412.10       116.20
  1945 6c1b6d0c604b776f844125f911eb7377             524.50        5          443.06        81.44
  1946 101a3a003516bc11253298b2fad3cb65             524.00        5          450.00        74.00
  1947 08f5819815f3d06545011850bd70f0a8             522.83        3          452.00        70.83
  1948 968ee78631915a63fef426d6733d7422             521.67        2          450.00        71.67
  1949 c0e6839516f5398edc34adf5f1d53d1a             520.84        3          432.92        87.92
  1950 c7dcd301ecfe5ab7f778ac172cf74be7             519.83        4          457.69        62.14
  1951 ee2fbacc2fc3794e656cc4d933d59ce7             518.70        2          464.97        53.73
  1952 35ef5aa32949680f627efec3c23e705c             518.41        4          361.60       156.81
  1953 b98b715fe9e276204e2a3464f48cd796             517.62        6          450.58        67.04
  1954 d90fe2229fee1a5da999ccd0c06c1667             516.91        3          450.00        66.91
  1955 3985a3c45be355a4c57fde108bfabd1c             516.20        7          344.20       172.00
  1956 c3f5668699a1b04c0fa61ecea1e2bff6             514.93        3          407.81       107.12
  1957 761681a821d8275bc79f552116d06869             514.90        3          354.92       159.98
  1958 41b14765bd56c8ad10971074380f9c0c             514.63        8          395.50       119.13
  1959 5c853bb56f70f4d14218944bae111d7a             514.19       23          263.13       251.06
  1960 29fe9f200d3fa0c668d2aa1ec7e08dfb             514.16        5          400.00       114.16
  1961 c3251e13f1bbda6c74e37c160f991e19             513.08        2          437.80        75.28
  1962 70c4eedec9cb4a85cda2f3f9673557b4             512.55        2          479.80        32.75
  1963 7816cd9c5b1238e320545f5bf7eb80e8             511.76        1          489.00        22.76
  1964 cc80e2f693fa6e2408f47ccf62413fc1             508.63        2          420.00        88.63
  1965 9dd59e43f0c9f0553244e8f9c2fb247e             508.12       10          356.30       151.82
  1966 cb0b3bcf14e0a709df412a99424a59d7             507.43        2          460.00        47.43
  1967 f4ce8ca9fa7157e3b33f536ac9a4487d             507.13        4          409.60        97.53
  1968 85cc55e048b6bcc90c75afe7f0e72f72             501.76        9          308.28       193.48
  1969 89de2d6f23e9746ff309705b23581faa             500.08        8          340.00       160.08
  1970 7c4618c82226628831613e95e9c22f44             499.47       13          333.93       165.54
  1971 0fe2d9733ed841eb064503920015a8c0             498.35        3          389.64       108.71
  1972 ce20a2ec1514c25e16f2b5b39bc818f0             496.03        4          287.00       209.03
  1973 79565f7d5603b24ddf07ade262547f2f             494.07        8          385.00       109.07
  1974 41e0fa5761c886a630994a55c12087e7             491.91        5          423.60        68.31
  1975 c714262700f93defc16bf17a51a4cb23             491.33        4          421.80        69.53
  1976 c24173065483e421f9e5e7f599de101d             491.21        9          373.91       117.30
  1977 98115075dd26cb8835946fc6086f5d30             491.20        4          434.96        56.24
  1978 a35124e2d763d7ca3fbe3b97d143200f             490.39        4          411.50        78.89
  1979 939e6227d6964a11a70aa91243e418f2             488.25        4          425.00        63.25
  1980 92d14edfb62ee5ae7fdff70b0f4e7233             487.65        8          322.00       165.65
  1981 f7df46c1e0ec44eed5c6726478da4a17             487.44        3          429.70        57.74
  1982 dd88d13bea9e4c2bf47daf224f8141e5             487.38        1          458.00        29.38
  1983 ae8bfdbf1c2a2a2dee92d799db0a31c6             486.14        8          339.92       146.22
  1984 ab27bbbad5239bc31a34709275a70db4             485.05        3          382.90       102.15
  1985 3d01d1c414c44b5943a09619ff3853cb             484.94        5          402.60        82.34
  1986 0a82f5fb06a4fe4ac2cf7cb412ec71b8             484.80        2          462.00        22.80
  1987 e546117ed9cafbc40239c0c78635c584             484.34        2          456.00        28.34
  1988 e53d5b9b29d1218281f4a907ada18626             483.92        4          350.67       133.25
  1989 3076499bbc033a927bf4a8a41bcf7fd4             483.63        7          359.33       124.30
  1990 55c96925041a14097b6a7825554f4ad5             483.37        6          294.80       188.57
  1991 bc30de0d71bd6260b936a026b5cf7200             482.85        3          392.37        90.48
  1992 64c9a1db4e73e19aaafd3286dc448c96             482.60        1          439.00        43.60
  1993 e603cf3fec55f8697c9059638d6c8eb5             482.47        8          297.00       185.47
  1994 189ca3538ce9f920cacf0f982cbe223b             481.67        4          419.00        62.67
  1995 dc50afafdfa325eadc890c7fa42a8f4e             481.48        4          424.20        57.28
  1996 0f0c984a4a955310903b6b6008660bad             481.38        4          369.81       111.57
  1997 392353362d22cc2c236e1ee81ff19890             480.67        5          288.70       191.97
  1998 5275ca25d0358ca73864e0ae41be1320             478.82        4          409.60        69.22
  1999 042573af89b6d931f672efaf789d8358             478.57        3          413.48        65.09
  2000 2bf28e311bba65237358230cabac3f15             477.88        7          294.00       183.88
  2001 6d7f8d9d594e28796b6b3205b00f459c             477.01        3          417.90        59.11
  2002 184a67a8f9f63234d3a92340bbdb727f             477.00        8          268.66       208.34
  2003 a11a0e0ca67423425691db355cff69b0             476.98        2          448.90        28.08
  2004 aec99834ab5d38ead22766ada8497e87             476.51        1          459.00        17.51
  2005 a21c11ec5c3f03e7cc9f9203bff9e1c6             475.88        3          385.00        90.88
  2006 6d2f2e3b539480db1e0842b3a4e32e6e             474.26        3          305.96       168.30
  2007 34a557286ead8fe75c989e0afcf7d98c             473.46        4          414.90        58.56
  2008 b56828a9f9027f3c918c04ca720d9e3c             471.61        3          360.00       111.61
  2009 fc4751cfe3b279c419615b9b00c1abb4             471.05        1          453.70        17.35
  2010 9853a239ab7b7ebbdc3a21248d5b8e1f             471.01        5          381.00        90.01
  2011 de66a66f2dd06bb9ec37aa96987466a3             468.98        7          353.32       115.66
  2012 1e9d5a33694bddb76316fd1f54734d20             468.94        2          318.00       150.94
  2013 5e106d93b717c2682b9383da480364a1             467.61        1          445.90        21.71
  2014 f12d3c2a14729ae461b920c11fe20fdc             459.32        9          364.45        94.87
  2015 1acde099eb406aa220b1169b188b42da             458.50        9          311.10       147.40
  2016 57d2ba47f7a3209aa347532ae75c1165             458.24        2          318.00       140.24
  2017 b67d6c666e8dce1d078c882825e12704             457.03        7          352.84       104.19
  2018 9b76ad3d04236f76bc71c59470305e13             456.63        2          394.70        61.93
  2019 7b7ed56ae755e2880f2b69632e839c1e             456.60        5          321.50       135.10
  2020 d2f3e277560ed4c6361284429b00f037             454.66        7          320.55       134.11
  2021 94d76e96eedd976258cd3278ce56d5f2             454.17        1          385.61        68.56
  2022 a45314082d50d578a4721c9787ce09ab             453.92        2          424.90        29.02
  2023 6bd503a8230299c9316fb0f726933927             453.89        4          324.29       129.60
  2024 4e42581f08e8cfc7c090f930bac4552a             453.80        3          336.00       117.80
  2025 78ef7e885d17f35e2382a47aae8b8cce             453.44        3          388.00        65.44
  2026 c79151301b9d90985d1fa52879213105             453.11        4          322.30       130.81
  2027 27a56ff04b34c2ba34ce6ba4d3b9d616             452.27        8          349.29       102.98
  2028 7d294cf9a6a69dc6a0c3e540fff0e039             451.38        5          257.25       194.13
  2029 c13ef0cfbe42f190780f621ce81f2234             451.28        1          390.00        61.28
  2030 62760d278921b5f352461620d68a9cee             450.10        3          397.00        53.10
  2031 1e8c6a4c538f286aee9573239740a4b4             446.82        5          359.70        87.12
  2032 fe4cd9461203cee790d36792420b310f             445.53        3          391.15        54.38
  2033 73da1880b39c71de2b262bc7720c1494             444.99        2          398.00        46.99
  2034 d5c530f4884a75ae0dba9c148718d278             444.93        6          280.88       164.05
  2035 d263fa444c1504a75cbca5cc465f592a             444.07        1          399.00        45.07
  2036 fa14641f57b655e933124a9ea49cd7a5             442.99        7          359.93        83.06
  2037 615005a3ef192c00c6f0e977cee3d2bc             442.14       10          286.50       155.64
  2038 5563732abe64c3036cb97ad924128dd1             441.60        2          404.00        37.60
  2039 4a23adac87cf538689fa600d976f78b2             440.41        3          405.00        35.41
  2040 a37c340b91cb0169e8b029db6440fba2             439.95        5          345.00        94.95
  2041 c8660dcf9ba70575f45d80fe28c27713             438.99        4          335.00       103.99
  2042 51209b446b2073894bdc0face6c73ffc             438.88        2          359.60        79.28
  2043 933446e9a59dece7ae9175103820ca8f             438.85        2          381.39        57.46
  2044 ad87df7699e83b8a91822a4a0b765c3a             438.62        6          349.90        88.72
  2045 830379336fad8c6f3b15a4a3ddb5c66e             438.38        2          268.00       170.38
  2046 0bfd0b434243adc5c2e1aa6baf19c6aa             436.99        6          371.20        65.79
  2047 12a8eb0f8d1cd3270695bf2a99f55966             436.67        2          397.00        39.67
  2048 9ac4f14370b1e24ddc58be041b7f99df             436.65        5          314.51       122.14
  2049 4e85b538b0dad58852641540686d0e14             436.34        4          361.98        74.36
  2050 61b18775be84fb700a6b2d0ba097bf66             436.01        4          334.50       101.51
  2051 085f6f7e049c996695fb2074fe38d45e             435.96        6          305.40       130.56
  2052 a080fc8a850289b27500f6b49cca2553             435.57        4          383.00        52.57
  2053 9d39404483343dd55c7ae254494d8388             434.28       10          293.20       141.08
  2054 15ead3a5037a918ddb520dfe39a3d2b9             433.95        7          275.50       158.45
  2055 559d56f3b8f0bc2e5a9a62fe2ce2a39f             433.72        2          385.00        48.72
  2056 d73cbd89533ce8b041a9190241453ac8             433.62        4          368.60        65.02
  2057 62d977e2b2aee830de3e039a28490d12             432.12        2          399.80        32.32
  2058 f44bdc12aa39f5271f0b95f66cd4c289             432.07        5          357.50        74.57
  2059 c1849d4d32d7a6cecd5aa471809d3135             430.71        3          388.98        41.73
  2060 f7315bb81aea4ddca2d39e249a801c98             430.08        2          379.80        50.28
  2061 97e4a63591ca439a2b8b7efd20e6e19e             428.50        5          349.95        78.55
  2062 31eec405c9bb71dec8e2629a92e764fa             427.13        5          256.89       170.24
  2063 52092ddbd3a58c450a4459bf051b2287             427.05        6          351.70        75.35
  2064 a64e44665225d19dfc0277eeeaaccc57             426.76        6          335.00        91.76
  2065 a5dd1946fb63ada8bcaa0c9cd8f11e22             426.33        6          219.62       206.71
  2066 1967a9e2ad6f51802b093147d861df58             425.76        2          380.00        45.76
  2067 2f4b0d3b9634b647d4edee577d7ebb7e             422.31       10          337.90        84.41
  2068 cbbd5ae8f53de5f5097cd8217b529e24             422.25        2          351.80        70.45
  2069 f543ba3c973276f519d89d59bd46cead             422.04        2          258.00       164.04
  2070 8fff28c4263ddec387f28d237fb42773             421.68        4          339.40        82.28
  2071 b127efdabeffb5d559349c7b172eb75d             421.27       10          308.50       112.77
  2072 d9d43faf741ceaa8da52fdbb81d9e0e3             421.25        6          210.00       211.25
  2073 9c3c24eca51c52b91c1de727d2a2ae06             421.16        6          307.50       113.66
  2074 63191ead8d3b2f937cd1996fdcbbad20             420.29        1          367.00        53.29
  2075 b88e7c57cb2d8b973b7dd4a2bfa14b36             419.67        4          353.90        65.77
  2076 1b45169b635ef59425637e9a33eb5fb3             419.35        7          308.90       110.45
  2077 3afc536624bc2e65bddfb5db33cc01f3             419.07        6          312.00       107.07
  2078 ad75519a07f039025e83795a4418470f             417.92        3          302.10       115.82
  2079 508808d438fe2ff972ed13bb8f4a82e2             417.47       10          294.83       122.64
  2080 03bd479e1d9484cdb14104d3023f7321             417.42        3          359.70        57.72
  2081 ceb7b4fb9401cd378de7886317ad1b47             416.45        1          399.90        16.55
  2082 b7ba853e9551f4558440881fd3e5c815             414.79        2          376.80        37.99
  2083 2f4b9d112bfa44a214bc6cef085d17c8             413.26        5          293.99       119.27
  2084 499ec63c58e51296c9cf57edcfe1c8a8             412.93        5          365.00        47.93
  2085 26b482dccfa29bd2e40703ba45523702             412.41        3          344.78        67.63
  2086 8936ba0de1073ee888cb3185ae5dc661             412.21        1          389.99        22.22
  2087 24c1de8d9551c0b4fbc53317d53efda8             412.12        1          355.00        57.12
  2088 a7ecf689b40a44361e259b28939023e4             410.91        1          389.00        21.91
  2089 f18112da765e0971ca5d510dec322bdd             410.75        2          327.80        82.95
  2090 76de363de16dacc923eec8daf91df504             410.42        2          360.00        50.42
  2091 3a3e46d10f74d8a6ca76e2b538f106a0             409.98        3          334.90        75.08
  2092 579891617139df7d8671d373f0669622             408.50        8          280.30       128.20
  2093 2e0dba2da448400b1c11d7b4b22f32a4             407.70        7          235.87       171.83
  2094 131fcb0a0c9a47bba4474aacff0f14b7             406.41        4          369.80        36.61
  2095 a435b009cd956ea60748b5cfbddf2e24             406.39        3          361.18        45.21
  2096 09883d9ab71c8fe8a9bfc7fc3075b07e             406.17        5          329.50        76.67
  2097 a806a4bb063ea7ca6d374eafa50a6058             405.27        5          294.40       110.87
  2098 152ee17e4c8aaf53dac99f3462e4999b             404.93        6          308.96        95.97
  2099 184725737946a1a938bbbd1a9e978103             403.57        3          359.70        43.87
  2100 ab9db4cf53b08b828b64dccaafc2d9f0             403.43        5          277.67       125.76
  2101 0743a0239d764b9a0f959a57d07e36ab             403.22        4          336.96        66.26
  2102 25debeafbce801fdd479539350185eee             402.85        6          302.84       100.01
  2103 333c4210e76a1aa2ab817b99437e3ff1             402.43        2          335.00        67.43
  2104 9d489893ff6af05029671b785f54b998             401.24        5          298.70       102.54
  2105 c113b8df1fc375bc3d73d29c1b1144d1             400.87        3          333.00        67.87
  2106 69a43819c758c65a5befb0b471c954d7             400.76        2          299.85       100.91
  2107 a3082f442524a1be452e3189e003b361             399.25        3          301.60        97.65
  2108 38af8acfd46ac4a7bf754e8ca6736664             397.94        5          345.00        52.94
  2109 173d56ffbd4c56cb80fc3615487d712b             397.61        2          358.00        39.61
  2110 a0e19590a0923cdd0614ea9427713ced             397.42        2          258.30       139.12
  2111 cf1313c6e2c01c2f4b014f97db4bcd2b             397.00        5          315.70        81.30
  2112 101921376b577a4540dc30e9009133ca             394.49        1          373.00        21.49
  2113 883dd81e82754ac2c65e9790a7db8c9a             394.46        5          319.50        74.96
  2114 da20530872245d6cd9d2f5725613c430             394.22        2          314.96        79.26
  2115 e88c9b79e592e370d6bd852eeefbf057             393.98        8          251.87       142.11
  2116 5c603ffb38cbbf25a0e0698941324143             393.61        2          348.80        44.81
  2117 918717417d88a9f9ae9735567e6c7682             389.22        4          345.70        43.52
  2118 b8a0adc91af209270c2c725168eb00fd             388.49        6          281.40       107.09
  2119 52bb00821bcdd358a5a5a27e1f6be5a1             388.43        2          349.80        38.63
  2120 df47da4ae86fa4db890d05aaf24e21d8             387.68        5          310.50        77.18
  2121 249f0e9905a6e06ad6c6bea7547ab9f6             386.99        3          347.95        39.04
  2122 a9415cf907dfa12f9ed18693244f5329             385.42        1          210.00       175.42
  2123 48bad451945f5227341793478d6353ea             384.49        3          307.00        77.49
  2124 65a7c0788e4d632ccb5e1b594b87f0bb             384.12        3          266.70       117.42
  2125 6da1992f915d77be95d7fa48b36904af             383.66        7          261.00       122.66
  2126 b9ec22de23f18567de0e09d776ca0309             382.47        2          341.98        40.49
  2127 ea4e9ce63a2134743b4a92777437fcdd             382.30        3          316.60        65.70
  2128 d7b2377bae6ace1b11fc69a11900ac36             381.56        4          329.60        51.96
  2129 2a73cba571d90c694b7caca072ccf6ce             381.48        1          342.78        38.70
  2130 a2e85714b56b1cb6bb24a9a6e6cad36f             380.44        2          339.70        40.74
  2131 7dea6f73af847b42cc3985bd620f994d             380.17        2          324.00        56.17
  2132 5f0057b677eb963672bf05dfa3f16c34             379.89        5          312.88        67.01
  2133 aded58c8142dedc5494a81f948431fab             379.48        4          289.50        89.98
  2134 86bf77bdb52e615674772d5817c6212f             379.38        4          281.80        97.58
  2135 51f108f62cb87d61918159902c8f8583             378.76        3          303.73        75.03
  2136 2d22fc3089eb907b29ebff50581fb472             377.39        3          317.70        59.69
  2137 8fd3b4468f6425810648177996c14cbd             376.57        1          354.90        21.67
  2138 debe6615cd90cc0c2eac2b8988e1f628             374.03        5          278.50        95.53
  2139 9b00cad94ef3078faf6fba2e792c158f             373.82        1          354.90        18.92
  2140 e83e93b71371817b11d78a63ff156aee             373.38        2          286.00        87.38
  2141 a7a9b880c49781da66651ccf4ba9ac38             373.07        3          307.60        65.47
  2142 ea1776927851da2532aa70d6a32c095a             372.32        3          318.80        53.52
  2143 c76d418370990614e89e956c7a7567d9             369.77        2          305.24        64.53
  2144 9cf787a239c1aa29dbd76f153dc13f9a             368.40        4          316.00        52.40
  2145 6d1b9c9579132c87d2703ec38c30f2c5             367.39        4          299.69        67.70
  2146 0cab2da43793a6f3c5ed8514c5f54627             366.90        3          309.70        57.20
  2147 12c2ed9cded6138cf0c75f525f565fc7             366.01        4          314.96        51.05
  2148 8c9348f33ae3dada25c99c99ade2af78             364.93        2          312.99        51.94
  2149 7957cac1a02f45d0a4a7e45626382ec2             364.64        1          343.00        21.64
  2150 5ca5d579b5857ee8709479b1047cecc3             363.88        2          339.89        23.99
  2151 2b402d5dc42554061f8ea98d1916f148             363.79        1          299.89        63.90
  2152 4b98b0428fc1932cc2514ef9ce2505e6             363.43        2          327.63        35.80
  2153 f8d5c7085db9a4ad2b8c1ffbeb2798c8             363.41        6          263.00       100.41
  2154 2b3b9ce054da76a7428df143a567b156             363.28        5          301.00        62.28
  2155 dbbcfe2c8d026742134ac3e28ccde274             362.97        4          308.59        54.38
  2156 2c538755f1ca9540af144f266e70df6c             359.91        1          334.99        24.92
  2157 dcf3755cefcdc158ad0b7bdde51e871b             359.03        3          269.70        89.33
  2158 c3fe93ba3085f92855c97e57f38c8c05             358.97        7          245.00       113.97
  2159 ec8463980a4e0ea9f8517aea1ed0c419             357.96        2          239.20       118.76
  2160 ea3ebea5317b0efbc663ecc8ce5e9bc2             357.35        3          299.70        57.65
  2161 7fe21dd00d2f4943ae09525efa2fd674             356.96        4          299.60        57.36
  2162 6f1a1263039c76e68f40a8e536b1da6a             356.84        4          256.39       100.45
  2163 1703bc09972dab9782e7a9194943b69f             356.11        1          249.90       106.21
  2164 bbe87dce25ba8b38bb61cc7210a3f10b             355.39        2          287.00        68.39
  2165 b76a1f8356322f12529c37b67d5c96c2             354.89        5          298.50        56.39
  2166 a81466620e46a6970b22ef40379fdfc9             354.78        2          321.80        32.98
  2167 adbe70ab2c97442046d393988c8d1d27             354.65        5          289.50        65.15
  2168 d149de2f383552baea37a7198c2296ce             354.37        3          320.70        33.67
  2169 76d336555bb25f3165d2f0d6da719c40             353.63        2          330.00        23.63
  2170 ba89796db68db180bd389de96b2ff3b6             353.26        2          309.80        43.46
  2170 4dc646b9b9e8e411ef48ba000ea3ac6f             353.26        4          289.70        63.56
  2171 7f35f9daf223da737b78738fbae4d977             353.01        5          252.00       101.01
  2172 0ec28cec4046a4a199b6de9b4c891d97             352.64        3          296.60        56.04
  2173 77714512e8d4dda9c234da8e3faf16e4             348.98        4          243.40       105.58
  2174 46ef1a25845fc051c2998d878354810c             348.45        5          250.41        98.04
  2175 4e0d109ccfba9a1151c103049880c857             347.73        2          279.89        67.84
  2176 5236605f4d4b0b3e4df85b850393fca0             347.48        5          265.30        82.18
  2177 eb9267cccc90f1b49c8d2f9887c7dd97             346.27        1          319.90        26.37
  2178 71593c7413973a1e160057b80d4958f6             345.35        2          299.50        45.85
  2179 3606774ec64634822d78dc2db6d37045             345.20        2          299.80        45.40
  2180 2d9e8987a2ea5cf88dce330249043ff1             344.17        2          239.80       104.37
  2181 e628d4a53c109f09ca88098338b3a3f5             343.90        1          285.00        58.90
  2182 c990d6cf976a5718aaedc539f383ab88             341.99       10          200.90       141.09
  2183 90b36c5aeb728d5504a39f435bef0c5f             340.23        5          207.86       132.37
  2184 d36b07fd3c5088e477a72d1fccfe29d4             339.86        1          328.90        10.96
  2185 94c49f20a123aeb9360dbf80ff912bf6             339.29        3          277.75        61.54
  2186 19a7c9f66ffa6452ff4b4c0cca71da27             338.74        1          279.00        59.74
  2187 e94b64dc6979b302a5a5be1662c83bb6             338.63        2          306.89        31.74
  2188 33d677f27a69b84051204ee4ae76eaca             338.49        9          165.00       173.49
  2189 e819bcfade7b5d88a27325eb6cfd62c5             338.25        5          202.90       135.35
  2190 c5ebe6598748b0aeaa61cfb820478b92             337.17        3          297.00        40.17
  2191 c70a353f02429c00775a46a75fb787da             336.94        6          242.00        94.94
  2192 4f40d2ed38d1cc945364a7cd202a82c7             336.89        1          319.90        16.99
  2193 c0f783394e37cd9c9d7f5f81141450fa             336.75        6          249.40        87.35
  2194 e83c76265fc54bf41eac728805e4da77             336.49        8          237.30        99.19
  2195 3b18f9856c6eb2413eafedb58e9eecd9             335.09        1          315.00        20.09
  2196 3dc69bf2c42f0568a5c4791ec3fd3745             334.43        2          300.00        34.43
  2197 baa49d93c8c8841e27400a300f5d74b2             334.42        6          246.40        88.02
  2198 20611af7866c6068fd5ae1f9dbe15c92             334.30        2          219.80       114.50
  2199 21d59342ba150175ca2aa4f8faddeca6             334.29        2          259.90        74.39
  2200 94b9108d4b637ba65bb4f1e53cfcf8d8             334.09        7          234.96        99.13
  2201 28405831a29823802aa22c084cfd0649             333.18        7          245.00        88.18
  2202 c611f4ce9ce875bcc063fa97fd4d7d12             332.25        1          319.00        13.25
  2203 32f1bb9dfa65bc7df5c0d9d95a616be4             332.17        5          276.39        55.78
  2204 83c465a786b06574376909b35ef6752a             330.46        3          281.40        49.06
  2205 14f2b3587172b9db894c9bad8dab520b             330.06        2          244.00        86.06
  2206 661ad5fcc28cdfb8bcadb12bb2272475             329.71        4          209.93       119.78
  2207 5733d806668f8712c24b9abaefbfa642             329.68        2          243.80        85.88
  2208 bc39d8938f90a3a2b98193723ed59774             329.11        2          306.80        22.31
  2209 58e4b302b54937e55a678c4d15111da4             328.85        3          279.79        49.06
  2210 bdb3edbaee43a761e2d4f258dc08f348             328.36        5          259.50        68.86
  2211 48b6c3f4c6a93171da04b75313f2130f             328.06        2          290.26        37.80
  2212 5dc4bdaf869e8c77c648078cbe8d59c2             327.49        1          292.99        34.50
  2213 4d6fb82c629c7a5028bfd973c07b05e0             327.43        2          278.00        49.43
  2214 0761743cbffb25d7148189e9f1a5f03a             327.40        3          241.20        86.20
  2215 e46bc031f2c5bae4ccb40bb90712e9b4             327.39        1          277.30        50.09
  2216 ede2977fbaf3738583170735ca403f6c             327.25        1          289.90        37.35
  2217 f410c8873029fcc3809b9df6d0b28914             327.10        2          289.80        37.30
  2218 10264f60a8f0a4d2f30810f5c661c673             326.46        4          284.60        41.86
  2219 5194c22ed1f616ec0c0f33c571542879             326.45        4          245.60        80.85
  2220 9b1ab052f5fca308ba743ac789ebb2e1             326.08        2          294.09        31.99
  2221 ebd1417732defaf66c50b5a800eb293e             325.33        1          309.00        16.33
  2222 2ee0a0689f2f6a72f35a7cb6033f6e7e             324.84        4          272.00        52.84
  2223 aa762680c40618316a896838866140ea             323.46        3          261.00        62.46
  2224 252e76235acb79183cfca6e34f13337d             321.77        3          261.20        60.57
  2225 800214c63934acd05d47e84214db8ba8             321.34        4          259.60        61.74
  2225 666658b8da8370f30e1f89893b1de5e6             321.34        1          298.00        23.34
  2226 6bb66d9870c2e01c05655c7ed0e7ee13             321.02        3          269.00        52.02
  2227 c9e5ad1f6647f5dbd1172adf6ae3cada             319.98        4          259.03        60.95
  2228 9539213aa8e023c01937bef95dc006da             319.04        9          229.10        89.94
  2229 f626e15b7314c267e4429010866f70e9             319.02        5          193.55       125.47
  2230 b76f4d90e85657a240495c876313adc5             318.30        1          299.00        19.30
  2231 422be4cc81a457fdb46f47edeb968ae5             317.37        1          239.90        77.47
  2232 6c6e3d67f969468f3bfd33f827a31222             316.41        5          224.00        92.41
  2233 53088c75f948b48a7ece173ac17f0c12             316.23        3          261.70        54.53
  2234 8dfbc5ff27df12f6cef751d3b9554222             316.12        4          226.00        90.12
  2235 485452467ff670447e84a8370c3fc898             315.44        3          175.70       139.74
  2236 04ee0ec01589969663ba5967c0e0bdc0             314.32        1          289.49        24.83
  2237 31be790e64fc99f8ff48ec2bd18a3104             313.68        6          241.40        72.28
  2238 87d73636a3acf123e842bb890a4db036             313.61        1          269.90        43.71
  2239 f00f5b35d0abcacbdd863672f4bb2c1a             313.43        1          299.00        14.43
  2240 5721089ba9214e80074f27d5a03fc0eb             312.57        5          245.93        66.64
  2241 b2bdc5e7940a7d7ca8c4a37953b27a42             312.49        1          250.00        62.49
  2242 a9ae440659f48b7849df83e82734150b             312.02        1          285.00        27.02
  2243 94ca168e8bcb407ab85c5da308863027             311.66        5          224.30        87.36
  2244 72146da5774cabf2632faedcae097a76             311.43        4          200.94       110.49
  2245 08ad4ac1388e4420ca531c3edfc46198             310.67        6          221.62        89.05
  2246 d594982fd877af63ace38ea1fca27c76             309.70        7          217.04        92.66
  2247 13d95f0f6f73943d4ceffad0fc2cd32c             309.32        1          249.99        59.33
  2248 446cc09cdbb130904da114e807dbec40             306.97        3          252.80        54.17
  2249 3c88ed2e76a2247933a15daa7161eb1c             306.20        1          155.00       151.20
  2250 d2572f31e9023e9850ef986a636ff9bf             305.69        1          279.00        26.69
  2251 85044848b1b767db2a4a58526adef4b4             305.51        4          240.60        64.91
  2252 9c54608f0996c32ae4743089d915f845             304.72        3          194.80       109.92
  2253 aadfe0417e61315688b6bd7043361e25             304.18        1          289.90        14.28
  2254 f682e0f848abafc6f41e0d4e868c66ef             304.00        2          269.98        34.02
  2255 fb8904a8ea99f8831b64ce27db2c1765             302.36        2          278.00        24.36
  2256 ebef8d8c92b4fd3226e5d407bbff21ac             302.06        3          253.70        48.36
  2257 353e21e8bf8de2722b4fae1636664b76             299.89        4          208.00        91.89
  2258 4be2e7f96b4fd749d52dff41f80e39dd             299.84        1          267.00        32.84
  2259 92c8bc6e8f925792247656fed09aad65             299.57        3          259.70        39.87
  2260 f419677537694f0462a91990df6ca44f             299.28        6          220.50        78.78
  2261 f9bbdd976532d50b7816d285a22bd01e             298.37        2          268.00        30.37
  2262 d1e2fe627180431ffda076abb303c56f             298.05        1          289.00         9.05
  2263 ec21206b7894c503788a684a7bc822a6             296.41        3          247.80        48.61
  2264 9a208dee8f95cfdf00760c4d627828ec             295.99        1          269.90        26.09
  2265 534a01cc6df1e034e05c32028a291fa2             295.45        5          235.59        59.86
  2266 1e483cc5c76fef08d3ca05f9a8af7d01             295.07       10          171.99       123.08
  2267 85ecf03781da592876b7844acc1b729f             294.90        2          251.00        43.90
  2268 88ef59b51bdaa941d10a853429f2b6ce             294.70        2          252.90        41.80
  2269 0e44d110fa6a54e121cb2c095a77762f             293.38        6          223.32        70.06
  2270 58c851d1a3c7cd3da329eb59453fed44             293.26        2          268.99        24.27
  2271 1e26c56af8d48424e1df0140a2401f83             292.39        2          258.90        33.49
  2272 880eda903e719a5f179f7e9fceb3a69d             291.72        1          249.00        42.72
  2273 1e47defeeadeca0e9a18fa5a9311e735             291.62        3          234.12        57.50
  2274 8060d731897e33b5c5ae575ce1e209e1             290.95        5          199.50        91.45
  2275 42b6488f5b8246d9141712abd4b1b693             289.80        2          247.99        41.81
  2276 bab0a8cd684e41ba6e2637dca0979d3b             289.04        1          269.90        19.14
  2277 8ccf3cf69651cc1d8a02c8bfaf3b8568             288.63        2          250.00        38.63
  2278 88ae906ea2acf6971f26c3e8b7cb4357             288.01        3          246.00        42.01
  2279 10cdd491d1dbea8fb4ead97b19c334ce             287.76        3          208.90        78.86
  2280 6548c2550b6e2d8f18053216e1c7b6f3             287.55        3          217.70        69.85
  2281 e88f7a2995ba184710d339c5c4bf2e30             287.51        2          251.60        35.91
  2282 57fe6232e67823593374a2281d7a8af8             284.04        8          178.68       105.36
  2283 ec5c1d94df153d473b37f880977ae58e             283.74        2          199.67        84.07
  2284 483ca627d131e18f988349b1655c0acd             283.73        1          264.00        19.73
  2285 ae45ad30c2d2e5913094769690a239d2             283.06        1          251.80        31.26
  2286 50bf89f1349bc0409a268c3a49678009             282.47        1          179.90       102.57
  2287 b57e8460909fa137df7951b4a3b5ea84             282.14        1          198.00        84.14
  2288 2d2322d842118867781fc737e96d59a1             281.37        8          176.40       104.97
  2289 984c273121e743dd14767befe6cb17f5             280.91        1          259.60        21.31
  2290 4ea2f12dbe91deeacd2c1e74f069a6e6             280.27        4          210.20        70.07
  2291 23ca5f678e0b3ea6c630b30fa8bf51ea             279.39        6          183.00        96.39
  2292 5e25c632f9db6cfb8bc100421c2737b6             278.91        1          259.00        19.91
  2293 e45edf75f568ed2f93f78d060e246e25             278.22        6          164.30       113.92
  2294 5d505d2298ad549e4e4e835562fa0c1e             278.14        2          249.80        28.34
  2295 954e95f20808d7e5d11f0de292d078e0             277.96        3          158.78       119.18
  2296 70f7e8018e3d46c748c92f026aa2585a             277.68        1          239.80        37.88
  2297 3fadb4cba4c35bce6a7eaf9872d5623a             277.52        3          209.50        68.02
  2298 75745ef7bc7d4f3ea3380f6f5303f514             277.32        3          228.40        48.92
  2299 0af977692321d895349eded183341d28             277.22        2          257.75        19.47
  2300 3d49bfdd1b43a7fe169b3740067acc61             276.82        3          215.00        61.82
  2301 d6cd01c59123df02fc226eadbadb5f89             276.11        2          244.90        31.21
  2302 ad8b531ae67582f096925cff5630d0d1             275.91        3          208.35        67.56
  2303 05e107217c7266362fd44b75b2cd4cc4             275.39        5          193.38        82.01
  2304 5e9f5bd34e0830569f05c9d4f56e04a8             274.86        2          239.98        34.88
  2305 37ceb404da208418c9032f0674e57804             274.11        1          204.93        69.18
  2306 e64882b4ef12aee8d0faca4db5b681f4             273.22        1          230.00        43.22
  2307 929f342384a6607afe143d789ade1316             272.76        4          209.40        63.36
  2308 c0aff2da32c17759d30b22fb0af6649d             272.33        4          188.80        83.53
  2309 d9cb0052a666de5308b32f32ad5f1b1c             270.49        3          231.90        38.59
  2310 578460d8319c51dab351cd9db95eadfe             270.45        1          235.00        35.45
  2311 28c7d8743fbc8679f484868cc0fcaefb             270.36        3          201.50        68.86
  2312 4c1c7281388a33dd06daac44f9fadbd1             269.91        5          188.32        81.59
  2313 e5d4b2b0c3bca22085f7a19a28de0c42             269.56        4          205.80        63.76
  2314 001e6ad469a905060d959994f1b41e4f             267.94        1          250.00        17.94
  2315 4e2627090e6e5b9fabba883a37897683             267.62        2          199.50        68.12
  2316 1c56ffe0e9dea2657fc6e95b53f40b13             267.39        3          183.00        84.39
  2317 4b90495391ac0bd181a80a459df1e718             266.11        1          248.00        18.11
  2318 33ab10be054370c254ddfcf0a6253422             265.53        4          213.20        52.33
  2319 cb32766839f443db85c82a43c4a6c19e             265.51        2          234.00        31.51
  2320 f8e2c1b59cd4225a3e4fd0d013a76b93             264.43        2          219.80        44.63
  2321 2a50b7ee5aebecc6fd0ff9784a4747d6             264.24        1          199.80        64.44
  2322 f3975e8a41157005d4bcbb358678cd9b             262.78        2          178.80        83.98
  2323 efb628aa07c8ca93d7db0d85b91a4f5a             262.10        1          204.00        58.10
  2324 fec6912baad85d41729669edd6b4d3b8             261.97        1          210.00        51.97
  2325 615c3462099ffa940d37b17dfda19594             261.05        2          229.00        32.05
  2326 762fafdaa57a532ee0119731697579dd             260.87        5          206.70        54.17
  2327 4ce8b55b4bfa4659184e7becc1fba3f2             258.87        2          199.00        59.87
  2328 3dfd3dc96f7f8598eca74e9ac8a2fa31             258.70        6          183.00        75.70
  2329 8a8835a43bda99fd37310ad76c457510             258.54        2          224.34        34.20
  2330 902c99f1ac505c0d18778b61bcd636f7             258.12        4          157.96       100.16
  2331 81ed90f07c0bacb7594940ba2ef676aa             257.46        2          223.90        33.56
  2332 7f5e4d5efad7e44b91115dd1decb65f3             257.32        3          179.90        77.42
  2333 5a9c0859cb00fd8aa4db443837f0a700             255.59        2          208.00        47.59
  2334 e0a3c37054ade6478d923a6efc10f308             254.98        2          219.80        35.18
  2335 269c5fc9fcadee614364c3620c30a1f9             254.72        3          209.60        45.12
  2336 d1a5cc844736958c11b8efab9a2b4c87             254.01        1          237.60        16.41
  2337 3bfad056cf05c00dabe2f895925d83b1             253.35        1          206.65        46.70
  2338 8d92f3ea807b89465643c219455e7369             252.77        3          121.20       131.57
  2339 1746c1ae87ac63d530c7c943d0ac42e2             252.35        1          229.90        22.45
  2340 4ce6e5f6c52515177e18c1c9361d8677             252.27        1          226.60        25.67
  2341 3f84fefc07dc159b268d4a77d3e8c425             251.92        3          200.60        51.32
  2342 740205fedfe4e90ca6857bc77db0f2b4             251.83        1          229.90        21.93
  2343 b05b432bf68945d4d9783f9e3ca29ee8             250.89        2          224.80        26.09
  2344 e59e575a175fadcadf8479e191770425             250.88        1          199.90        50.98
  2345 fe8055980a4ff7f64ed889c2b5926929             249.98        3          196.70        53.28
  2346 72431a818f97fe6ab9c81eee3e297e54             249.39        1          229.90        19.49
  2347 a663d9c3797e90eac99ff60939416a56             249.08        1          235.00        14.08
  2348 bec568278124768c474ee90971ca94d1             249.06        2          219.90        29.16
  2349 74c7dec0a384d8a05950e629bd23bde9             248.88        5          187.68        61.20
  2350 a0a14e50070f3225b3eabba5b85da517             248.64        4          176.20        72.44
  2351 7d484ca289afaac6bf5fc6a1e96d2226             248.42        2          183.20        65.22
  2352 50770d25768b0486d89be26afca3108f             247.86        6          171.77        76.09
  2353 809413606dbfe5deefd2db646693ef67             247.05        3          196.68        50.37
  2354 643c01d7c56a724bec0454f4780e8a3e             246.65        2          205.55        41.10
  2355 3442f8959a84dea7ee197c632cb2df15             246.60        3          218.70        27.90
  2356 538caafddff204241cecbf3a02e6b3cf             246.49        9          148.30        98.19
  2357 bcc9dd23e2a8bd8267cf92b19304a1b9             246.22        3          202.79        43.43
  2358 edf3fabebcc20f7463cc9c53da932ea8             244.02        1          219.90        24.12
  2359 bff9deb0ec77d437f3305a79cf25529e             242.74        5          161.95        80.79
  2360 778323240ce2830d68aab11794e00bfb             242.43        3          189.98        52.45
  2361 63b9ae557efed31d1f7687917d248a8d             242.31        5          139.50       102.81
  2362 2075d8cd4dd63ff12df0749a5866bb06             242.23        3          184.70        57.53
  2363 b01c2b7b8599b325103ebcddc67413e1             242.12        4          169.45        72.67
  2364 7e3dde9ffba72d5340f9aaf09b4424be             242.03        1          220.00        22.03
  2365 90b57083da5d803237da74daec6dcb2b             241.21        2          206.90        34.31
  2366 a218df5c097b0ca409cfaac1488cc7f6             240.70        4          130.69       110.01
  2367 eec3469d83e142f9a104886655338c37             240.44        4          185.70        54.74
  2368 034b9387752bfa309f350a70cd45ffa3             240.26        8           96.00       144.26
  2369 762ed976527cddf02787edba70fffa2a             240.12        3          179.80        60.32
  2370 0f7eea709efdf942b5f95c7516dbacd7             240.06        3          195.74        44.32
  2371 586a871d4f1221763fddb6ceefdeb95e             239.48        1          198.00        41.48
  2372 31e60bf8d103ce47932a85f5562deb16             239.04        1          181.00        58.04
  2373 7d948535954aaf8c5d39db007f74372e             237.80        4          194.00        43.80
  2374 b5f49fe968dff6b112861e6cd8e192ef             237.67        1          194.70        42.97
  2375 7ad41305e96a6cab8294cd65891e9a86             237.60        2          180.00        57.60
  2376 1de62b6f2fd96227629786db492433db             237.53        2          208.80        28.73
  2377 f9eda05b67bef472deaddbba84aca289             236.79        1          185.00        51.79
  2378 751e274377499a8503fd6243ad9c56f6             235.84        1          218.00        17.84
  2379 6e2d3e2dc84fb30f6078f39dd3bddd6f             235.28        1          219.00        16.28
  2380 89d9a386b0b6e5fc8403071b03f7206a             235.25        2          167.00        68.25
  2381 3d700782d7818f2c1e0d7a9e9d75fc00             235.11        3          149.70        85.41
  2382 9da15f4a4ea758d9eeb49000dbe57e22             234.61        1          196.90        37.71
  2383 e0482f2c769468c3bbcd8a01e09d98c5             234.40        1          189.00        45.40
  2384 3d290fe363c60a77498c1126fd3fb8d3             234.04        3          198.98        35.06
  2385 a4b8d97cd5d3674eeff96abc99d8ed67             233.38        1          214.08        19.30
  2386 dd8a29ce82d5c705ba932d81494600a5             233.25        2          205.75        27.50
  2387 4f0d637c1197fd65405ebd755ac9f86b             232.47        2          199.80        32.67
  2388 ccada0ef508e698917a6eab263375905             231.96        3          172.80        59.16
  2389 e503f22be6a4f456d9851920a5d9c670             231.34        2          198.90        32.44
  2390 478bfe564db21eeb44386606aa30b650             230.80        3          182.70        48.10
  2391 cd52a8efd71af3336b14b5039b951cc1             230.54        3          170.80        59.74
  2392 fc6295add6f51a0936407ead70c1001d             230.52        1          160.00        70.52
  2393 d8dd176509baa37f359644d082bf7f7b             229.90        2          198.00        31.90
  2394 8def3db7f272735afb2ecd03aeca09a7             229.64        2          196.00        33.64
  2395 6f835fd4be26989b1b064399da346143             229.25        2          197.80        31.45
  2396 2cb4700db635baa1c0d4f90ed27b6669             228.72        2          199.80        28.92
  2397 3fe7120d6257285ac6a3ce7cb071ccec             228.26        2          199.98        28.28
  2398 2ea0861cc19e94cad86438c984c52da4             228.05        6          165.60        62.45
  2399 23ff42c4bf1f8f16cddb19d8b972974a             227.67        2          174.70        52.97
  2400 f35becee938e982bd615edf8ef12bcfb             226.81        6          148.59        78.22
  2401 1d1bbb8ac1581824986f582583fff01d             226.47        4          166.88        59.59
  2402 f356c348fbc8df6a882823e21f5ce8b7             225.65        2          195.18        30.47
  2403 939f6e231201f26803cb5c3a3d2940b3             225.62        3          130.60        95.02
  2404 1cbdc7cf130a41fd13a3c2a7d2fcfda7             225.61        2          165.80        59.81
  2404 f92d8c817434bd2d84d4e9c61322b7fa             225.61        5          174.84        50.77
  2405 3fefda3299e6dfaea3466ef346a3571a             225.21        1          209.00        16.21
  2406 c747d5b92c7648417faea95d36d763e8             224.75        1          139.00        85.75
  2407 8ca5b19e0263150d2c57afdde2b3d011             224.68        3          180.60        44.08
  2408 651530bf5c607240ccdd89a30c9c9712             224.45        1          199.90        24.55
  2409 377bc18334c78dd2f1535ef22a3ad225             224.44        1          135.98        88.46
  2410 c32fc744b9160ac853450488e3cfea93             223.52        3          185.70        37.82
  2411 f5403d3f50089112c4eed37928b7f622             223.20        2          190.80        32.40
  2412 c5e60e39c0f42b8e827daa13cff74afa             223.10        6          134.00        89.10
  2413 9e7c5f4d7770eab65738cca38f9efccf             222.88        2          184.80        38.08
  2414 4d9fea3499bdc22aa4da4e339365f215             222.74        2          192.54        30.20
  2415 747c1cdcd1737dcfbd1547f6eb6f2cf3             222.37        2          193.10        29.27
  2416 52f6f9f13ba19504c02781132a049e75             222.13        1          199.00        23.13
  2417 e9874ae10b2d60d43917b6bbfa13a599             222.10        1          199.00        23.10
  2418 b7e1750c1157341d2abd0251e07c186b             220.56        3          159.60        60.96
  2419 717b78b0950b51ed00b1471d858b0edc             219.75        5          138.60        81.15
  2420 19e0f40a907ec568c34bfac15de4f4a1             219.62        4          178.00        41.62
  2421 5db42a6cd9bf1bf0d3aab9582767f168             219.33        1          200.00        19.33
  2422 3289d8c3eef4873f91ce0b1343c0dd58             219.27        1          199.99        19.28
  2422 dda37071807e404c5bb2a1590c66326f             219.27        1          199.99        19.28
  2423 9cea4682e16655f7da87f406902e989e             219.23        4           87.76       131.47
  2424 f26d70155c2b6326fcfa1780c8c684e4             219.06        1          202.89        16.17
  2425 c360e4787614ed31ac7a2f95d3b22dc6             218.95        1          188.90        30.05
  2426 ca7c6bd577e559472af1c699de9e764e             218.82        6          148.00        70.82
  2427 a3b0df0065e264a91b7bbf5f844af5cd             218.75        2          186.69        32.06
  2428 99a25c39b28a74d1151c35c18d178292             218.70        1          173.94        44.76
  2429 dbc51f5e45d654ecc16cb68e6817ecea             218.13        1          199.99        18.14
  2430 3a79f35a2344ede41af21267f61d5ec6             217.71        1          186.00        31.71
  2431 e1bed63d68ac36fe1f3061befe196af5             217.00        1          199.00        18.00
  2432 213fafb0ca06fb3d5886579c2565791b             216.86        3          189.70        27.16
  2433 818d28f936e791926d33bcb6ee94ef79             216.70        5          139.50        77.20
  2434 f307937c1bb287c3efc2a514b94b0d1d             216.60        1          189.99        26.61
  2435 63272377184e969942f7fff221be858d             216.23        2          149.70        66.53
  2436 61f159ef6da2d441951d2c0efa719362             215.98        3          154.97        61.01
  2437 bdf0d02d36a1d839d0c39c4a887cdd49             215.95        5          120.00        95.95
  2438 039b29ff3b3473435d0cd59040575de9             215.55        9          114.90       100.65
  2439 bd4ff04377f974574f7f0bf9d6ce7dde             215.10        4          164.96        50.14
  2440 c04d70d515d15a7e3db3a73320598566             214.82        3          158.20        56.62
  2441 4450bd8327d471c4a11a83d1445b1b62             214.56        1          199.00        15.56
  2442 5659d77e8d90378e39b960ad5956f64e             213.13        2          182.48        30.65
  2443 78ba5933c21686d1c2f64669c8c459e7             212.57        2          191.80        20.77
  2443 c353f8fc0ce8344999f17d578eb69a5e             212.57        2          175.98        36.59
  2444 19484c79cef6c062cb177aa4ef2fcc3c             212.06        1          201.90        10.16
  2445 98dddbc4601dd4443ca174359b237166             211.67        2          158.00        53.67
  2446 4a82c4af97ffc0fb2dc26bfdc03b1842             210.90        3          143.70        67.20
  2446 fedf2c1386e137f296b3bbf3b635e69d             210.90        2          131.74        79.16
  2447 b906dd0e57f282c7089171b6ed07982e             210.75        2          175.00        35.75
  2448 45c20d94d9171b0bcfab3c955e47d67b             210.57        4          129.46        81.11
  2449 8e34331b7eedd03be4e5d965c1956225             210.44        5          145.00        65.44
  2450 22c32ec35d0116ef02c281798a25bf8b             210.01        4          119.58        90.43
  2451 6ba4733aa33f6386e9fb0c0fd3993b38             209.88        3          149.79        60.09
  2452 4bcec44888b30ba9001234c534716d3f             209.23        5          146.00        63.23
  2453 7d7866a99a8656a42c7ff6352a433410             207.38        5          147.89        59.49
  2454 b00af24704019bd2e1b335e70ad11f7c             207.25        1          189.00        18.25
  2455 119c7f1a00ef43fad0e57604e76a747c             206.82        2          189.80        17.02
  2456 0b64bcdb0784abc139af04077d49a20e             205.81        4          137.60        68.21
  2457 0692610d8abe24f287e9fae90ea0bbee             205.72        4          173.99        31.73
  2458 d9c349beabc06aa6ff1c6d68b5e9e22e             205.65        1          168.10        37.55
  2459 43a1d4bab73b816e44ef4e4facd9f9b5             205.40        1          189.90        15.50
  2460 bd0a1b0aadca9a83d9304f7e8ff5fbd5             205.19        4          150.60        54.59
  2461 7adbd3210a7b3cc2235e225eef33574d             204.86        3          131.90        72.96
  2462 7cf4ea70955b00d6b3c22542598e2715             204.81        1          189.90        14.91
  2463 2235cf78d3e2073a88146a9cb60f0dd0             204.76        1          178.99        25.77
  2464 964ff64dc05b13811c6d0f41e0aa5f6b             204.06        1          180.00        24.06
  2465 698f5fa55a5f73d0740e9d9a773e8093             203.99        4          120.00        83.99
  2466 5a9b3bcab695173c820e53934574ae80             203.77        1          139.00        64.77
  2467 87f3e35268860433e13d577825aada95             203.48        3          161.70        41.78
  2468 aae5953b9edddf14749c0d65d60eb4b9             202.90        2          173.00        29.90
  2469 686886775c8f6b1191c7b953fb52708c             202.62        1          189.00        13.62
  2470 bb3dca718920a4d7ec3cc9ffb025108b             201.70        2          108.00        93.70
  2471 d3e7d37c0df9aef383f3f2a15b0dddfb             201.34        1          161.00        40.34
  2472 0ade5cc4a305ed7093a23f68ca47519c             201.27        2          158.88        42.39
  2473 a4e634166243bbb3a13fa584463fa468             201.18        2          155.55        45.63
  2474 5def4c3732941a971cba8fdee992ede1             201.04        5          134.80        66.24
  2475 78813699ffac347fe27dba345a5f1551             200.54        1          152.42        48.12
  2476 51a04a8a6bdcb23deccc82b0b80742cf             199.92        1          167.99        31.93
  2477 4dc2e811a1760953cb7c6a590b498943             199.84        1          175.00        24.84
  2478 c7c7b2682c648339a0e9846bb1023a39             199.68        2          168.00        31.68
  2479 88cd3681e0a2ba85e190f7d817629c4c             199.36        1          180.00        19.36
  2480 e1643dff33666ca629e3644c02738179             199.31        3          170.00        29.31
  2481 9dd459b29a14bf89d47183cf2cd0e4c7             198.82        2          180.00        18.82
  2482 b9de031b671cd48b28fae9d828cbf2b4             198.69        1          155.32        43.37
  2483 880ce4951cf857ab1d9e0b75c1d856f4             197.72        1          178.90        18.82
  2484 57df9869a600bd6b7c405f2a862eccfb             197.21        5          125.00        72.21
  2485 52a50b42accf164f9f019941e5759d9b             197.02        4          139.96        57.06
  2486 d2df77822373f19934e87694d8640767             196.40        2          155.90        40.50
  2487 94165aea8a35c3c21499cbcae239b16c             196.11        1          180.00        16.11
  2488 15ac3c501e2599e4917316fde5c5669a             195.81        1          144.20        51.61
  2489 9c57bc60cfad5ee62d35d3f1ce4593a1             195.43        1          180.00        15.43
  2490 fa5fdc4e4bb6bd1009ad0e4ac4096562             194.85        1          161.99        32.86
  2491 6a53b90c3ad9e0b56d9fe5c69165fff5             194.78        2          139.78        55.00
  2492 56f413900b5166ab4d730e9ac0b12cb0             194.24        3          151.79        42.45
  2493 7c9130f5f3729edd32aa059141d92484             193.15        3          126.00        67.15
  2494 3ea08c48e851106d2f584349daba335f             192.94        1          170.00        22.94
  2495 533d46c1b06970e99f09523a61df4972             192.62        2          159.98        32.64
  2496 4bde6149c15cf7e177b36fa060dd6de8             192.46        2          159.80        32.66
  2497 ea846a0e7ad98a741783e886d89dfa44             192.26        2          137.00        55.26
  2498 0e72c1a751b496722a6cb1f10653b62a             192.10        3          140.80        51.30
  2499 2a7c6c0b0d5efde2bf75ec1e1cec2d41             192.04        3          147.60        44.44
  2500 657969cca82e884d272385ec0ef06edd             191.56        3          139.70        51.86
  2501 6902157ee16728322d61a1321fa79e58             191.43        2          159.80        31.63
  2502 044668ccd5316b12a7cf0d54a156e3e9             191.35        3          137.80        53.55
  2503 ec2e006556300a79a5a91e4876ab3a56             191.24        4          125.20        66.04
  2504 a9b533a26e898b12e8b8d4c07279bf4d             191.06        4          119.60        71.46
  2505 dd9661d3cda1e6feb237f0c4d8b26f2e             190.98        1          174.00        16.98
  2506 fc5a0d7a310a7a41abf86a458585ff2b             190.16        2          162.80        27.36
  2507 a154d7316f158bb42e6fa18bbe3afd3a             190.13        2          139.80        50.33
  2508 26e13b6ff5b641b329e5524241ee2c93             189.68        4          119.70        69.98
  2509 8fbe2ee446b97e128471be4ce983dc0d             188.50        3          148.50        40.00
  2510 05ca864204d09595ae591b93ea9cf93d             188.42        1          179.90         8.52
  2511 4bc3d93e4a5f88a598d3d8ce4ae510b3             188.28        1          169.00        19.28
  2512 5566627eab3fe93fd6ee08798226101a             187.81        5           85.50       102.31
  2513 782f78b632a43875dd5b53e3e49c9564             187.57        2          146.01        41.56
  2514 98e164d549402270247f3c96a1a158ef             187.42        2          162.70        24.72
  2515 578fa3a9cb6b6dceab39231ad59cdaca             187.20        3          150.00        37.20
  2516 ef728fa1f17436c91ed1ccd03dcf9631             186.82        3          128.70        58.12
  2517 c8143b3069f6746a77421b5ce30a450c             185.88        1          142.47        43.41
  2518 83c8aafbefb034674a70de0eac5b8954             185.87        2          134.90        50.97
  2519 44ed138eca6214d572ce1d813fb0049b             185.80        2          129.79        56.01
  2520 7178e1eaa97257d8b6d4b80efd77a025             184.71        1          167.90        16.81
  2521 2ec6e37d992a95eaddb3369dcbcc76d9             183.94        2          159.80        24.14
  2522 5bc237df65098fe211bb4818f4d26d78             183.89        2          126.80        57.09
  2523 0daf5180aa44356f60f8effa533b55a2             183.63        2          144.80        38.83
  2524 ff82e8873fba613f2261a9acc896fd84             183.53        4          124.60        58.93
  2525 6e85dc5ecd97a61094b89b046a509d8e             182.59        1          169.90        12.69
  2526 695051e2981c8b19e77cafe450d5bdf3             182.45        1          169.76        12.69
  2527 8e4f041ff58e7845456d3482524014b3             182.39        2          133.80        48.59
  2528 8cb7c5ddf41f4d506eba76e9a4702a25             182.37        2          138.00        44.37
  2529 aa2640d851ec322526f1295bbeb20092             182.34        1          159.98        22.36
  2530 08061dc0fc165ed41288cc7acde738ee             182.22        4          123.80        58.42
  2531 e3e290b38963293022cdcd6db8328103             182.04        3          135.70        46.34
  2532 6601ee6383e7f452be71929f8de48bbb             181.94        2          153.60        28.34
  2533 99cd94252748d2bdde08e17858233602             181.32        2          159.80        21.52
  2534 f1ce5fdecd64935c28b9ff932751d0dc             180.53        2          158.00        22.53
  2535 ace601496e211a664100321f038f50af             179.92        1          165.00        14.92
  2536 5444b12c82f21c923f2639ebc722c1ea             179.46        1          169.90         9.56
  2537 913fd0ebba70bb919f7254a02239173c             179.12        1          159.90        19.22
  2538 1927cdb9fa74f5270097f6250e8e8f34             178.92        1          120.00        58.92
  2539 e09887ca8c7bf8a4621ce481820414ef             178.66        3          119.96        58.70
  2540 fc38b5dceee1a730fad8853453437fbd             178.01        5          119.20        58.81
  2541 f266295f49a28eee21f413e0cbb0521d             177.94        2          149.80        28.14
  2542 d26aa40b90272d4843d63be7c1462c8d             177.42        2          152.90        24.52
  2543 077c5fae4bea9500e3737b16f71b9d3a             177.24        4          106.80        70.44
  2544 96f7c797de9ca20efbe14545bed63eec             176.97        1          138.60        38.37
  2545 89757206b887aed36f3e18d858460fea             176.14        2          120.50        55.64
  2546 7a188843479798ca813108fa7b959286             175.86        1          149.70        26.16
  2547 553a440137d6e0cf776aee0bb83ac9f5             175.14        2          144.80        30.34
  2548 dde698c6d0bd24834c586e5111c2bba7             175.09        1          155.90        19.19
  2549 9bade61a92bed55a25d2b67b9f4ed739             174.80        2          117.68        57.12
  2550 fa8d335d68129e464e60c1826a683e96             174.68        1          139.90        34.78
  2551 e9c2dc0dd4ac38448289be644ac94f42             174.61        3          118.39        56.22
  2552 ce3ad9de960102d0677a81f5d0bb7b2d             174.21        1          158.00        16.21
  2553 2039c5e51785b5dde7cf93ccb3b7be2c             173.68        1          159.90        13.78
  2554 4dab98ca6cd6d3df586203cefd28a042             173.23        1          154.90        18.33
  2555 c26ba52cf8d2f34915f2f6b7ffa0a3f3             172.65        4          125.96        46.69
  2556 fc0b214b59a83615fea981c6424a02ae             172.04        1          159.90        12.14
  2557 fc908879b9ca1bd65419e54e50432d38             171.88        4          119.20        52.68
  2558 2f9b7ce230a057a98a9f5df5893ee36c             171.85        2          141.82        30.03
  2559 0b3f27369a4d8df98f7eb91077e438ac             171.39        2          146.51        24.88
  2560 37303482a42fb700d8d127e70a9cd6c8             171.38        2          148.89        22.49
  2561 3903c788ded8dc03b5ebab37a2f3e9a1             171.25        5          119.98        51.27
  2562 f049a72cf58fd31b11f8919cade515e7             170.99        3          138.75        32.24
  2563 44717f64ec2a457979cf83c429077666             170.91        2          107.00        63.91
  2564 3442033154be05bac582e173ef54fd12             169.39        1          161.00         8.39
  2565 4867209cb29b56b92893d7bde3ce8012             169.15        1          150.00        19.15
  2566 d8b8f2cf9ff6ba0389072541cb42498c             169.01        1          149.00        20.01
  2567 f3041c2e75ec683697a6a5ea82192210             169.00        1          145.00        24.00
  2568 2d34636518ba88f5349b732fcf8ba2e4             168.63        1          150.00        18.63
  2569 0b09101900100c0e9d312861fad5a1b9             168.36        1          153.75        14.61
  2570 9523fb39dd240aa958e040f8183d64f3             168.29        1          146.99        21.30
  2571 bca9230d3bbb4efa51872bf605a2f1ad             168.20        5          117.57        50.63
  2572 50a7e551a7b3f8d37cd6e32d8bfbe5ea             167.96        1          140.00        27.96
  2573 d3891911c2feae53c52fea2bd14054e5             166.99        2          141.00        25.99
  2574 1e47d8b6546eb3a77b1acddcc9406242             166.71        1          149.90        16.81
  2575 941554c5757b73ba0e50aa7732310afc             166.35        3          107.69        58.66
  2576 57a834594e1e9e9219603bfec184eadc             166.05        1          139.00        27.05
  2577 7c4adcc13272c0e26fa23aac642adb7b             165.63        2          135.00        30.63
  2578 c398bc00a606d33758afd91f4e64fd15             165.50        2          150.00        15.50
  2579 49f8d2ea7b718d0ce587d34207caf2b4             165.26        1          149.90        15.36
  2580 c7bb64409aa480bb7d0335faaaf3d242             165.16        4           97.60        67.56
  2581 dd39ad39b5d3df33037e141c72497ba6             164.85        2          135.80        29.05
  2582 9fe7c6641c79970ab48185498f547c09             164.71        1          130.00        34.71
  2583 4ddeb3e828550cddc8d45c8bc36ab2d1             164.45        1          152.00        12.45
  2584 fd312b6bf05efac6c3772d5b52205d8a             164.32        2          118.70        45.62
  2585 47f55702f598c7c6cc8458b0fbc1c49a             163.40        2          127.50        35.90
  2586 391bbd13b6452244774beff1824006ed             163.20        2          127.80        35.40
  2587 1b0b0f4f95e962d6f32fe90c759d0479             163.17        2          139.80        23.37
  2588 59bbc819b99a733f02f0d6b49d1c253d             162.75        2          139.80        22.95
  2589 19d62d484cba71963c93f0f00ab42013             162.59        1          139.90        22.69
  2590 3bb32fedaa74e4ad20f4ce067733bd31             162.56        2          103.70        58.86
  2591 8cf21434553b02cbd37c0bbd07e041b0             162.13        2           94.98        67.15
  2592 f664f98bfda2eaf266a23ff144e7a872             161.80        2          153.99         7.81
  2593 461ff5303b6c9c1a4a07f40c5aece516             161.43        3          102.70        58.73
  2594 398cb257329ef7af7f1943a8974a3cbc             161.37        1          145.90        15.47
  2595 8eb88b0acb3f90a717ad659221471fa7             160.67        2          119.80        40.87
  2596 a89e143d5211473ae18db9577ee34b64             159.68        2          140.00        19.68
  2597 e8ff5a6ceb895583033fc2a0f314e3c2             158.97        1          139.89        19.08
  2598 ab91571efab27993ff2f6b36e38055c3             158.93        3          102.24        56.69
  2599 36f98ad67cc981f50ce8aed093d5783c             158.62        2          119.40        39.22
  2600 3f8247d0f772ffa58560e5c682521ad5             158.45        1          139.90        18.55
  2601 1fbe10c70e30765ed1de86d9f7e98409             158.11        2           98.75        59.36
  2602 e82de6494d91d3c4c54450f59b227a94             157.70        3          118.90        38.80
  2603 741f8c587cb4248ebc5b779a0e8e0e51             157.64        5           89.95        67.69
  2604 be1e9e378700cecaa4ebf71433d7915c             157.51        2          119.89        37.62
  2605 e00d85ce20ea50c1224c66ca5050527d             157.30        1          149.00         8.30
  2606 4c4d546adf3c3868fe19c9ec6e9ffda9             157.09        2          111.70        45.39
  2607 062c325cd6a2b87845fab56b4ec2eeae             157.08        2          133.22        23.86
  2608 40ec8ab6cdafbcc4f544da38c67da39a             157.00        2          117.80        39.20
  2609 59de1d4c8c057c2a53acd4ca66531af2             156.75        1          135.00        21.75
  2610 712efd3b68f9686dc856b84abd0f21ae             156.16        1          139.00        17.16
  2611 9558aa23f77a9e0a0eca83540999f43b             155.58        2          125.70        29.88
  2612 4a5b36211b1f51bf7eaa5c10a57fa483             155.26        1          139.19        16.07
  2613 bf0045791395e66460eb04749c68672a             155.25        2          119.80        35.45
  2614 876182d1918783bbe15233febfbd4926             155.00        3          120.27        34.73
  2615 26e2e5033827d2ba53929f43e03d8ffe             154.78        1          139.49        15.29
  2616 96e5dc09087bad639b4ee193104ec2e5             154.44        2          101.90        52.54
  2617 aa1eb17b9fdf6dfd546e25c45c7b9235             154.26        3          117.99        36.27
  2618 e5bd51692380fd8cabb19b756b95e714             153.04        3          119.70        33.34
  2619 f114dca2828bf718548db175ebe2cfcd             152.99        1          139.00        13.99
  2620 519a7aa428f18d125a283cf8c014fdd6             152.80        3           79.70        73.10
  2621 934ed5cd1b9c1c7382d0a94a94b9e639             152.47        1          125.85        26.62
  2622 788f22bafdd7ab0e1e79f19db72f16a4             152.04        2          125.80        26.24
  2623 13dd308f81fea30cc670c656b2b46cc3             151.14        3          117.70        33.44
  2624 5f57db27027655e6c6a391601daa0258             151.04        1           98.00        53.04
  2625 910a922b426b7ff95eaee129ad6c0e1f             150.96        2          119.80        31.16
  2626 60ad151920c4f6f3ebbe8cfdf6166779             150.67        2          130.00        20.67
  2627 8c351ed7c326c62123318f4f3246e906             150.66        2          114.90        35.76
  2628 4c60877808f4318ef1107fbeb8f89afa             150.63        2          118.00        32.63
  2629 b416191c9813d821a295cfabafff4161             150.14        2          117.80        32.34
  2630 0f80a40c312b2472dca482cf50f5186f             150.00        1          129.90        20.10
  2631 d4a5e99e0dd915df64ba55a7fbd583fd             149.75        2           65.15        84.60
  2632 296729ffb9b684050dd24836dac4494a             149.61        2          114.00        35.61
  2633 739c7d7be81f63812dea0d1b1451c651             149.30        2           77.50        71.80
  2634 e88165a185134e13fdfc85d4fa654db8             149.22        2          108.00        41.22
  2635 d8bf0fc082fd4a77fc2e5679b6c00133             149.04        1          139.90         9.14
  2636 570d4583587a5fe2d47c7be89b91ad27             148.92        2          125.25        23.67
  2637 2fa13c8bd5705d279f7ed5cc9ec61c68             148.70        2           87.40        61.30
  2638 c87abc38c8ed3240861729e1aeadf221             148.68        1          133.00        15.68
  2639 db6a4d4b5f1f5f98820ce6ce2619e2de             148.15        1          135.99        12.16
  2640 693660429f9dc4ff704eb3d88dad54d7             148.12        2          124.00        24.12
  2641 52454f90d4c30c016768db02f88c1a74             147.67        3           80.50        67.17
  2642 7c4402417d51474d4d0cda9557340e40             147.59        1          119.90        27.69
  2643 2f3d8b4c9e2ee165075331fea3f3095a             147.35        1          130.00        17.35
  2644 a90a5da8b09e44264a177c0374a5ac87             147.30        3           74.70        72.60
  2645 2b5ed0c9139dae8883a200dfcb272ece             144.75        4           85.41        59.34
  2646 70126eecc6aa1274392a1743866e9678             144.74        3           97.40        47.34
  2647 e732329483fd5f27367dd997b47f598a             144.47        1          109.90        34.57
  2648 dc120d932ddf9d4dfb6fd68beefda622             144.44        1          130.00        14.44
  2649 c092292535a57dacd95a8765f5518f87             143.98        1          125.00        18.98
  2650 b6f52e346160519c24a23af05410ad32             143.25        1          129.90        13.35
  2651 e5c84227854980f1db19a58958c551d9             141.64        4           72.81        68.83
  2652 88af55b4a7ca402b27df16f7c7c9b5d2             141.52        1          130.00        11.52
  2653 e5def42655b7490edac5a56fe8e9e603             141.42        1          129.90        11.52
  2654 e9b6c33b71b67737693b4cfa68341c8d             141.39        1          119.90        21.49
  2655 c4b911d06343b21dd906651f8101cb49             141.33        2           90.98        50.35
  2656 160851d3ece7aa1a510f8d1a4bb8a8af             141.15        2          102.05        39.10
  2657 11d4c477d09821164bca4f70a2eae031             140.86        3           83.04        57.82
  2658 a69aa24cec11168e7e39a3fbc727e925             140.29        3          105.97        34.32
  2659 e3e15e2c0b9700561efac21c6be48066             139.74        3           97.24        42.50
  2660 bba8d0c234a52b87b3957037a215d1a4             139.53        1          120.00        19.53
  2661 003554e2dce176b5555353e4f3555ac8             139.38        1          120.00        19.38
  2662 cb5ff1b9715e99589f3e0c7a6afab9e3             139.03        4           85.00        54.03
  2663 d52cbce9845184537284a23c3bc3da0e             138.78        2           75.00        63.78
  2664 01266d4c46afa519678d16a8b683d325             137.48        3           90.25        47.23
  2665 f9a02f1922d1de564392e656d82b3fda             137.39        1          125.90        11.49
  2666 00d8b143d12632bad99c0ad66ad52825             137.10        1           86.00        51.10
  2667 a353b1083c9863d756d9404695016d64             137.09        1          120.00        17.09
  2668 35281d148dcf7134bae913c57db4e6da             137.02        1          119.99        17.03
  2669 4be9ae93c4fc0f41713d71a4194ee1b3             136.97        1          109.90        27.07
  2670 164a5a8794e6d42e14f55e447b12a3bc             136.76        1           73.99        62.77
  2671 9e17b9d64683aebcbb9ee362d06463b4             136.67        2           98.70        37.97
  2672 781a66c0d89e30814d49fe8b5e14cd07             136.30        1          115.00        21.30
  2673 d1aa1ec0839dcab73a6161130eb1f94a             136.04        1          119.90        16.14
  2674 630008e0f062605a415d694489f6f82e             135.50        2          105.15        30.35
  2675 a150c540f572d0fb53992264bc5c10b5             135.49        1          119.90        15.59
  2675 07a9bc7f61396b658ddf3ac534efe44c             135.49        1          119.90        15.59
  2676 6235903333ba7de1928c869e268e5964             135.48        1           94.06        41.42
  2677 8dd386be0767c330276ea6a3f96532d3             134.48        1           89.98        44.50
  2678 d8d9567d0bfb0bc7eb845a205ba42657             134.31        4           74.60        59.71
  2679 623ad9d0c1e14bb5464a8c72bff7b4af             133.96        1           95.00        38.96
  2680 674207551483fec113276b67b0d871ff             133.84        1          119.90        13.94
  2681 9c3a1c416c765687bc79a04113269929             133.80        1           74.90        58.90
  2682 0dfbed20065e425d2eaefb101f9816c0             133.60        3           84.35        49.25
  2683 9bf11dfc0bec77e5a23028043c3c5a8f             132.06        1          115.00        17.06
  2684 1cbcd2ee0afb3fc09963b87eb65e7e4f             130.65        1           90.00        40.65
  2685 2c9005d8043aff18b8557ffb7b13cda4             129.64        1          109.90        19.74
  2686 93bef6edaa84956e8e575016449b6351             129.56        1          115.00        14.56
  2687 43b2c864251aa0ce4030c746984e088a             129.32        2           94.80        34.52
  2688 011b0eaba87386a2ae96a7d32bb531d1             129.16        1           99.98        29.18
  2689 324583d68897f5ddbaf38f6248322176             127.99        2           84.00        43.99
  2690 28d162ab86bb49d719c32f0ee6186eaa             127.20        1          109.99        17.21
  2691 bcf5566870987da7bc811fbc8c5b9fd9             127.12        1           96.00        31.12
  2692 62de60d81c55c29d76a6bce418b31cef             126.87        1          103.00        23.87
  2693 80cfd480be3eb6d6267139f5cb793555             126.34        1           99.90        26.44
  2694 f43827dd686be3a4a80e00aa299990fb             125.74        1           95.54        30.20
  2695 eaaa46e98c9e61f6764dd1d7a2ab8b3e             125.64        1           98.00        27.64
  2695 be67f78487e2cecb0d55bc769709e4f5             125.64        1          102.00        23.64
  2696 7bb8fac2913a6064ec412e583c6d8b4d             125.52        1          109.00        16.52
  2697 60da8bfa7eebe230b7d66ac4082d79b3             125.27        3           86.60        38.67
  2698 443d880f15cbd3572885e1d44bf2c478             125.00        1           94.80        30.20
  2699 253c025bab43881055aeecde5e2d8b77             124.33        2           94.82        29.51
  2700 b8d890108a7a80e4f5d59eea9f362438             124.29        2           89.70        34.59
  2701 ac1ed5fc15901fbc92920361eb4ab350             124.04        1          110.25        13.79
  2702 2aafae69bf4c41fbd94053d9413e87ee             123.87        2           94.00        29.87
  2703 5741dc2bf5044c34d0698681c5081bed             123.75        3           89.70        34.05
  2704 db1f0f7c7e5e87f40b62226f020bb297             123.73        3           59.01        64.72
  2705 889009a0ed0bb52c87819941192931b8             122.98        1           89.90        33.08
  2706 92992bec39dde5766f590d3b1f46d465             121.67        1          109.00        12.67
  2707 a4fc6eadaff1576af888509a53420f6a             121.62        1          100.86        20.76
  2708 247587846358bb1d2e4c6522020b36fe             121.51        1           99.00        22.51
  2709 05aebce0b5c8f0d41b29b686f2d05fd3             120.88        2           74.99        45.89
  2710 9d213f303afae4983637247556438ede             120.81        2           47.70        73.11
  2711 4fae87d32467e18eb46e4a76a0a0b9ce             120.80        1          100.90        19.90
  2712 db7ed69a53aa9fb1c01930ba54a88bbe             120.78        1          109.00        11.78
  2713 4cc43a222a0f94910728b62b97a8c5f8             120.76        1          108.50        12.26
  2714 a2b911e9ad40dc7d61c142a4683e2d85             120.30        1           85.90        34.40
  2715 217f005bb37ff3aeef5b2ae1788e75ba             120.22        3           74.97        45.25
  2716 2cb98e27ce1c18abdb42209b34c382a7             119.70        1           62.49        57.21
  2717 2d20f1cd18725c91147da0791d498022             119.69        1           99.80        19.89
  2718 4fe2f67634d00c021aa01f96b6f2d68e             118.84        2           86.80        32.04
  2719 271b8923c6a549e02d3c9fd1f8c0422b             118.59        1          105.19        13.40
  2720 028872bfa080090a9d0abd4f1af168f8             117.87        1           70.50        47.37
  2721 74a9b9bddf14ece02beb81f52c41a88d             117.06        2           95.00        22.06
  2722 79b93a308a97792cf53ac75f46da00b5             116.04        1           99.90        16.14
  2723 17998cf586426bf0f2c3726cb0a4b211             115.52        2           69.80        45.72
  2724 9b1050e85becf3ae99c1cf4934c9bc5d             115.34        2           85.14        30.20
  2725 26562f211dd1364af2a8596dc945e8ae             115.11        2           99.00        16.11
  2726 aa8af66c623d7d544dfe4bb85b5ebe3b             114.57        1           99.00        15.57
  2727 aa17b35ce4de7b565be3249ba838944f             114.00        2           79.80        34.20
  2728 3d2400ac620cffa23ac81bd192f7f555             113.90        1          105.00         8.90
  2729 6b2612338467c08c9b25f0cc55b1578d             113.87        1           92.90        20.97
  2730 1c742ac33582852aaf3bcfbf5893abcf             113.69        1           97.90        15.79
  2731 7a073a40a9d3f1fee8bc45670ea1e909             112.78        1           95.00        17.78
  2732 918f6fbcf3ab724d805867303e593a1b             112.58        2           79.70        32.88
  2733 376d67b61dce0c990155286e7ae486a4             111.91        1           94.00        17.91
  2734 7f02656561b680def9986c0795a8a080             111.83        2           84.00        27.83
  2735 270572bb714b00531be85e16e1550f26             111.76        1           96.99        14.77
  2736 fa7ad8ae9bcb2c4493fdf38e96b1d74f             111.70        1           88.00        23.70
  2737 fc99f99385ae90f66f01733856fb88c9             111.02        1           89.90        21.12
  2738 a7c53f6b3b61adbdaa99dda97e8cbd56             110.30        1           99.00        11.30
  2739 a5ff20ff766e7f50bd5066f33da14413             110.17        2           66.59        43.58
  2740 65c255b299faf2d12050937cc219c46c             110.08        2           88.20        21.88
  2740 00ab3eff1b5192e5f1a63bcecfee11c8             110.08        1           98.00        12.08
  2741 7a704e63bb29c446869efde5d57524c8             109.90        1           94.49        15.41
  2742 154bdf805377afea75a3bd158e9eab10             109.72        1           89.90        19.82
  2743 22a23e5ac7061fc538cc2a019afaaf16             109.42        1           95.00        14.42
  2744 166e8f1381e09651983c38b1f6f91c11             109.00        2           78.80        30.20
  2745 6d04126aba80df143fd038e711b8fd96             108.86        1           89.99        18.87
  2746 e4253cef933647000a82ff39c67b7bde             108.73        2           68.00        40.73
  2747 d7d517afce974cd491b8d52bb5b5b1fc             108.72        1           89.99        18.73
  2748 a72f15980dc3e9bfd1a49ac9b2f3af65             108.63        1           89.90        18.73
  2749 dd264199fc8b687ad029de7de6d760e6             108.60        1           87.90        20.70
  2750 cac4e0bc1a3269fa2b6ea5e763f6115b             108.02        2           57.88        50.14
  2751 eb4a59a06b3948e851a7d7a830bcbc42             108.00        2           64.00        44.00
  2752 2bdb95a56a36ebbc6640337ac5eac174             107.90        1           89.90        18.00
  2753 5de1c80811ce7007f62f00d971236c09             107.75        2           76.80        30.95
  2754 d598f929fc44e1e38678e7f47250ec04             107.30        1           69.90        37.40
  2755 c85d7b477a709c85a1e8b8f25aa1b270             107.22        1           75.00        32.22
  2756 6624bc09786f0e41ae48dfc5eeb1a9e2             107.01        1           89.54        17.47
  2757 a56a8043ebf66e42119618fb8cf232c6             106.73        1           83.00        23.73
  2758 5305693ffae2d3463377b1f6fe67b15a             106.55        1           93.56        12.99
  2759 e4f121bf6ef8b9a1d4d3e65dd0473fab             106.46        2           70.00        36.46
  2760 f8f35af4634605e6693c17cc3ffff5a8             106.39        1           90.00        16.39
  2761 b86a47b3366e3b5424a7b225781f4908             106.35        1           86.50        19.85
  2762 499185655c29ecfdbfe776ef7cf875b5             106.33        1           89.00        17.33
  2763 83d458c0d6d4f94295d63f091460bd60             105.74        1           89.90        15.84
  2764 dedcab67899479e4ea5dcc4eba47f587             105.64        2           84.00        21.64
  2765 29c322e3f09f886f8bacbe91dfbd979e             105.57        1           48.98        56.59
  2766 20fd2d2080ed85fa67fad3fcbb2c1813             105.47        1           85.90        19.57
  2767 466222e777149751370e7e98fb623b0c             105.45        1           87.90        17.55
  2768 bbf4a892cac7b82422baa711dffb8997             105.34        1           70.00        35.34
  2769 4aba6a02a788d3ec81c03137144d9a80             105.28        1           89.90        15.38
  2770 1fddcb7b326905d3ad5efe82187db347             105.22        1           92.00        13.22
  2771 6187a137b2af59dfdbad8d9f8c373c14             105.02        2           74.80        30.22
  2772 a7b7354cc588f7566a848bcbb1ce3d96             104.87        2           79.80        25.07
  2773 b5dd7151a92ccaaa282cbe9681a05f44             103.70        1           85.00        18.70
  2774 5587130f9850696ed7fafbc91c2cee44             103.49        2           69.80        33.69
  2775 da2782c804606d2a5d8e1760dbb3e7ec             103.37        1           89.00        14.37
  2776 f3055483058c84d75ca2a3314fb4deef             103.29        1           67.50        35.79
  2777 5a32c398a06c345440bf2a683b017ad3             102.97        2           79.80        23.17
  2778 0f519b0d2e5eb2227c93dd25038bfc01             102.90        1           79.90        23.00
  2779 15b3b1b81484422eb41df68ac87f1f50             102.89        2           78.35        24.54
  2780 a1bea9970d8f65b240555f99c2214f7f             102.48        1           75.00        27.48
  2781 48e5ee06fb2dc74df1c711a9b6dfac2a             102.30        1           57.00        45.30
  2782 f09e26011d833ddab11593c1a097a92a             102.09        1           79.90        22.19
  2783 b452cb0ae35044c4a53179c39f49fb06             101.99        2           63.70        38.29
  2784 c2bda99904207edd1834f03e0022b007             101.68        2           79.80        21.88
  2785 83f2b4881141ce3fcd4e985125d3279e             101.38        3           60.70        40.68
  2786 3febca52652e7209509ccfe61cbde40e             100.90        2           84.00        16.90
  2787 42d4b7e70819438f5ada61c965e92d7e             100.78        1           49.60        51.18
  2788 c6381b1321d7d97717a5bb4ed5b77882             100.01        2           66.00        34.01
  2789 43a5d4a57af536fddc96d08be3afdfcb              99.83        1           75.00        24.83
  2790 a7d0f8dd44f57ef6de7f7f02e3d82630              99.67        2           73.79        25.88
  2791 dadc51ef321949ec9a3ab25cd902e23d              99.34        1           85.00        14.34
  2792 42fb44130ac3134cde8e35cf8ec7df25              99.14        3           62.70        36.44
  2793 cd233f8bfa30ebfd651f47ee7d054951              98.56        1           79.90        18.66
  2794 8fb67a334bacec338885b4e9e1708073              98.42        1           59.90        38.52
  2795 52b53f7061969fe471d119b6195da864              98.37        1           90.00         8.37
  2796 dcb7367a92f5ffb89f1e2152ed260285              98.34        1           79.90        18.44
  2797 c542f5a8c64d973f30e9df8d06f70b4a              98.31        1           81.00        17.31
  2798 97e50a621f8e801f4baf69e08687c192              97.78        1           89.90         7.88
  2799 ca5832c6960267b71041f74bb39e8b12              97.71        1           79.90        17.81
  2800 ba8e85df286308fe68a2ce83a8f8b2d6              97.66        1           80.90        16.76
  2801 1d0646a72178a6fb37ee8082140e06ec              97.62        2           61.00        36.62
  2802 1a8e2d9c38b84a9702ac7922924b0573              97.00        1           80.00        17.00
  2803 b3809b8d4394588a47c8470ea331e135              96.88        1           89.00         7.88
  2804 9fbd5666d8618fa571c4230fafa09bd6              96.71        1           79.90        16.81
  2805 6dd7dce75cd55c1ce255dc38d9f0cd46              96.33        1           75.00        21.33
  2806 c8771b1a10bb99bb34d3c459c5cffb53              96.10        1           64.90        31.20
  2807 c0f3eea2e14555b6faeea3dd58c1b1c3              95.65        1           79.99        15.66
  2808 b3e2faf2c1004d674f16a3aa3197f0e1              95.24        3           61.47        33.77
  2809 8f0fbe2cd4d472157dc1cdef6edecaa9              94.76        2           71.88        22.88
  2810 9591fc341b1bfb7ef561e2968ec6e011              94.21        1           79.90        14.31
  2811 497709c2976a8fa308730a2dec5b0726              94.04        1           76.00        18.04
  2812 02a2272692e13558373c66db98f05e2e              93.85        2           54.98        38.87
  2813 bbd3acfe6de99892e73940d3fdceaf68              93.55        2           69.00        24.55
  2814 fe9d9cf8631285d5982c6e2cf27fb114              93.54        1           69.90        23.64
  2815 c8665a4dd081a2c436b1cd921079d0d9              93.53        1           79.39        14.14
  2816 babcc0ab201e4c60188427cae51a5b8b              93.13        1           79.00        14.13
  2817 5cf1ec37aea089f45110c70653a166ab              93.10        3           50.00        43.10
  2818 f5b84683a9bf9e1df748cf40f601b39c              92.97        1           83.90         9.07
  2819 8b11118053756a9a2932f447e11fc1b5              91.16        1           79.99        11.17
  2820 455f46ef09a9e45667e2981df84b5cc2              90.98        2           59.80        31.18
  2821 5a4236931428800e9d9cc04af0987118              90.66        1           44.97        45.69
  2822 cf281cf8b7affbdfe751b29cc85580e1              90.23        1           64.90        25.33
  2823 24a6daf925d9d591870a66660416de31              90.08        2           60.00        30.08
  2824 723a46b89fd5c3ed78ccdf039e33ac63              90.04        1           66.64        23.40
  2825 e9e446d01bd10a97a8ffcfc4a3a20cb2              89.61        4           60.05        29.56
  2826 f90f77ef2799a27f80d90c425ca944f7              89.46        1           70.00        19.46
  2827 a45765f8afb1e594b22bf9e974b46765              88.92        1           79.99         8.93
  2828 b5b800c4065bebf4d3442311c9857344              88.81        1           79.90         8.91
  2829 76623fde66e6b63b59440fd34160512d              88.74        3           65.40        23.34
  2830 9b1f656ca3060f8af17a50d8a024b533              88.68        2           41.00        47.68
  2831 392f7f2c797e4dc077e4311bde2ab8ce              88.56        2           52.00        36.56
  2832 204b4e07bddef3c9b317f70189135b22              88.13        1           73.40        14.73
  2833 61b893c57e33626afb104d4112b1be76              88.09        1           74.99        13.10
  2834 b6c6854d4d92a5f6f46be8869da3fa1a              87.82        1           69.90        17.92
  2835 85e7c62c1d6ea078c3897424f867a7c8              87.70        2           60.00        27.70
  2836 d4d99b60c4c94cd35acd502cec65dc8d              87.29        1           72.90        14.39
  2837 f0ec6a2adb05c62655a26dd347b8dede              86.78        1           72.00        14.78
  2838 4003520d80d0bad1d5623f7aa3c63cda              86.74        1           70.00        16.74
  2839 0a198e95d32b1be2da9424c962a6ebfa              86.67        1           69.99        16.68
  2840 20d53aad4fe5ee93a64f8839609d3586              86.44        2           51.90        34.54
  2841 3da38366e7bd9baf6369071f782ecdf0              86.43        1           59.47        26.96
  2842 f0ec78809fe0bc3edb11c9fe5b97b059              86.26        2           62.60        23.66
  2843 4e92348462c75b6c842b994ce84a0ed4              85.49        1           69.90        15.59
  2844 b5d034ac251546e25afe9067f05c1539              85.27        1           69.90        15.37
  2845 3e51f9cbe317bc3a88f2c76583811ee4              84.78        1           76.09         8.69
  2846 3e35a8bb43569389d3cebef0ce820f69              84.68        1           55.80        28.88
  2847 a3fa18b3f688ec0fca3eb8bfcbd2d5b3              84.26        1           47.80        36.46
  2848 edb65fe661681b1c0de8bd47c8655855              84.24        1           69.00        15.24
  2849 d58d521f3789def2e7a22715e0badd93              84.20        2           65.98        18.22
  2850 eaf6d55068dea77334e8477d3878d89e              84.01        3           51.00        33.01
  2851 d7ab82074b5f1dfba46db123df101bff              83.97        2           38.67        45.30
  2852 c13fb473e7cb8b83ccd543c094df0608              83.52        2           54.80        28.72
  2853 be7a093e5b4d147b36b72bb1f9e415e5              83.26        1           60.90        22.36
  2854 447d377bdb757058acb569025ee18a93              83.01        1           64.99        18.02
  2855 7963e546f34e098b578f9ad102494601              82.22        1           60.99        21.23
  2856 6ebf4eceee4dd9847201c82e77ef8123              82.03        1           59.90        22.13
  2857 dd5450b022b2d00a2145a66331e1aef6              81.34        1           59.00        22.34
  2858 ad738d3fcf42655ed15c4960b7b6c601              80.89        1           65.00        15.89
  2859 26f6b7ab07be3e9e69ce82a6552efc19              80.75        2           54.80        25.95
  2860 a2a41aedb70551d4a85aa04dc2fced48              79.73        2           52.79        26.94
  2861 9ef932e837d8b7f392c0bfee9d359dc2              79.56        1           59.90        19.66
  2862 ffcfefa19b08742c5d315f2791395ee5              79.52        1           69.90         9.62
  2863 ac9b01377919cdbd2a1bbb8d5837c70b              79.44        1           55.90        23.54
  2864 d9b00a97818674c7f8d8b1ef0e689679              79.08        1           69.90         9.18
  2865 2eeb6531ee027a48d401e72bebdd87d3              78.70        3           38.70        40.00
  2866 fa18c782a4866d313cadab567097f8f1              78.64        1           58.99        19.65
  2867 67e43d802fde8cfd3f9580124f8167d1              78.36        2           36.00        42.36
  2868 1d953075c2f0dd990bacf27b83b330f1              78.32        1           59.00        19.32
  2869 52831e5990d0771cb4951d6f12928167              78.12        1           65.00        13.12
  2870 84c945f15571830c1a91a33978e94009              78.04        2           51.98        26.06
  2871 f3511c85f59f8dec53d140501ee8e7a8              78.01        1           69.90         8.11
  2872 f7c31656c19db6275a8acadca289f426              77.75        1           61.56        16.19
  2873 86649b1632b1c0e6c0bcb2c90a8b75d8              77.66        1           59.99        17.67
  2874 56a8b450e802502ba53a9885ee38e29f              77.65        1           62.45        15.20
  2875 7c462184585ae80bd6e5774c62ce50f2              77.64        1           60.00        17.64
  2876 3a3c180dd702a725bd0ba4117689239e              77.38        1           41.90        35.48
  2877 c1d1ebb4745cc43cb6f05e9c8a705c9a              77.17        3           34.50        42.67
  2878 80146bc52c4f6af5239b23de2a20262b              76.78        1           27.10        49.68
  2879 6a3139c7bf09ece22a4713d956acbe5e              76.64        1           61.90        14.74
  2880 e1a210d482714ce337763a19aef94ba4              76.51        1           49.90        26.61
  2881 cecd97bc34ed8330bd4cd15713eda670              76.50        1           57.99        18.51
  2882 c161d1327ebc3a156c09582ab2f59f6c              76.33        3           52.99        23.34
  2883 7315baebc0572ff220d226283dc66728              76.22        2           49.85        26.37
  2884 75fdd0a732287f9497b179f6bd445d32              76.08        1           59.90        16.18
  2885 528ce32f560edd11add4169f6a5b65be              75.10        2           59.80        15.30
  2886 07e8e8fc5222bb358e6f259da3197074              74.86        2           51.80        23.06
  2887 0af2ab31141893d26aca5a404a537dab              74.51        1           59.00        15.51
  2888 c240c4061717ac1806ae6ee72be3533b              73.89        1           59.90        13.99
  2889 9996ae921c50e8dff411ac69c0b4bb8b              73.37        2           29.70        43.67
  2890 d180e07dc1e58c31c3f0cd599dc4d945              72.96        1           58.80        14.16
  2891 9e94fa26a70ede4d26226e918e8706a2              72.74        1           62.80         9.94
  2892 c7246702dc991a06d788120dc7544391              72.52        1           54.86        17.66
  2893 66d5ae34537110d3affc56174dad2b2f              72.18        1           33.81        38.37
  2893 9140ef75cc8211c4035935e80e567204              72.18        1           49.90        22.28
  2894 fe19dce63ae80346207c6c55713d1023              71.72        1           49.90        21.82
  2895 2f1e7b90e01d9f086cbcb301c0c3d406              71.66        1           59.00        12.66
  2896 258447aad3f7b01e2643c89f64dc5647              71.45        1           51.90        19.55
  2897 1d139e3a3b14025640d8df1b230aace0              71.18        2           36.49        34.69
  2898 0ee4fb99ac55ffbbc98795aa01b7f8fa              70.93        1           59.90        11.03
  2899 7b3447b497e55af8c15fc7bd89d7b81a              70.65        1           49.90        20.75
  2900 b77a27b1864483e721dc831d5ba4afa0              70.42        2           41.80        28.62
  2901 cad9969167c09b48ae6f1d123f7fa68d              70.18        2           43.20        26.98
  2902 0936e1837d0c79253456bbb2ffaaef10              70.02        1           38.90        31.12
  2903 9ac75591b69c3402684b6ce0310f22ee              69.67        1           60.50         9.17
  2904 3e46a38ee171c503c3b4a3f23fe3bf0c              69.01        1           59.90         9.11
  2905 c1552b1dab6e6f760950368ae61fb600              68.69        2           53.80        14.89
  2906 720e6cf846ea7572cbb66b743fb91e6c              68.55        1           54.00        14.55
  2907 5415337f1863452476d42d9f14a16a61              68.35        1           44.90        23.45
  2907 2c2c9832d1bb38c5b0034a3b47d313ee              68.35        1           49.90        18.45
  2908 c963a25b8671419c6ce9eebe8fd03218              68.32        1           49.00        19.32
  2909 c200c73f9d7e5a08ca439d6a0803da7c              68.20        1           40.00        28.20
  2910 2078fe5066350e7d220c0ad3a3bbc6c1              68.04        1           29.90        38.14
  2911 ebe3dabc4955c9b0d695e7bda38bf5c3              66.89        1           55.00        11.89
  2912 5aaa890629f83706d8d9bfecd8377c1c              66.82        1           48.90        17.92
  2913 63704069d9bd3a75c1cf59babe56004a              66.69        1           59.30         7.39
  2914 43753b27d77860f1654aa72e251a7878              66.28        1           23.90        42.38
  2915 2e2f44824ab87a0cb961f68bf4073e7f              65.93        1           48.00        17.93
  2916 ed49da7cadefc454d6a67de249eab240              65.83        2           43.00        22.83
  2917 1b61fb1f0f2185d89e9a126c498e9cc7              65.81        1           49.70        16.11
  2918 a1ed30492b3b798bc121845bc4aa7366              65.50        1           41.80        23.70
  2919 3338e7a0710a195872be80e0d2423867              65.43        1           45.00        20.43
  2920 deaadd805612bf94faaa9fa702516e11              65.11        1           50.00        15.11
  2921 d1a1b40ec554c593a1a99366746289dd              64.22        1           49.70        14.52
  2922 e0487761face83d64fcada2408959a36              64.12        2           49.25        14.87
  2923 8629a7efec1aab257e58cda559f03ba7              64.11        1           45.22        18.89
  2924 2ef086a599b597572aca4433b7ed6b3d              64.10        1           49.00        15.10
  2925 539ed9e19811677513447759be5eccfc              63.92        2           32.83        31.09
  2926 ce33c6211beaa8fef4cae8b52db39862              63.52        1           49.00        14.52
  2927 51e0557bc7b86de13e946c60ee91ce39              63.40        1           45.80        17.60
  2928 d85efbc8eff2b7adf524e2820569adc8              63.29        1           55.00         8.29
  2929 70c0fda4c313d87115644d39e62eec60              63.08        1           25.99        37.09
  2930 6c9875b2f94ba781186f0c1aed8d1687              63.05        2           25.00        38.05
  2931 7494d0dcba8551df6cf37f1b905dc2f7              62.97        1           45.90        17.07
  2932 0b1ca3ef18a63d7eb0c8897fa0849c08              62.87        1           55.00         7.87
  2933 513a54369b6a8a6602fcb0e129c6d78d              62.66        2           47.80        14.86
  2934 3ded4e2d5f135cb103e5949d7263d2dd              62.38        1           49.90        12.48
  2935 d4828feed4cda2cd9d6b37899a95a71e              62.11        1           39.90        22.21
  2936 d297f1055de2956aedfd3b04113dce3e              61.94        1           54.30         7.64
  2937 749e7cdabbaf72f16677859e27874ba5              61.74        1           41.90        19.84
  2938 417a1e6c7321084d2a0ae0d023cfad93              61.38        1           48.90        12.48
  2939 4125d9385a25e82d2f72d3a0fd55bc3f              61.30        1           42.90        18.40
  2940 d4f91e8be86b38da2ee35bc489645a9d              61.16        1           49.99        11.17
  2941 16bdc8cefd0e32a6f0824d296c5ad14a              61.08        1           41.76        19.32
  2942 9315e491484b1b0081ca166fc164108d              60.40        1           29.99        30.41
  2943 7caa63f175b1cecbfaadd8b5ab9998c7              60.33        2           39.80        20.53
  2944 cad10cc982ab6a391570c211b995c17c              60.19        1           47.40        12.79
  2945 ae9690c6e8fee182c28c9ff8e11ca52c              59.81        1           47.40        12.41
  2946 05a48cc8859962767935ab9087417fbb              59.39        1           42.90        16.49
  2947 6bcb2352a2a0c38b845f598298ab9d26              59.38        2           31.80        27.58
  2948 9c351405b754cc5ce3e2ecf277bb034a              59.11        1           45.00        14.11
  2949 ac137bac82ffa8548e62bd9d01d2a14f              58.94        1           49.60         9.34
  2950 4d8809767a5bafe22909c77951fb6b41              58.72        1           50.00         8.72
  2951 edb58a1390adf273840030a3d6253829              58.28        1           39.90        18.38
  2952 84deb808079d1be601c209c1e771b1cc              58.14        2           34.93        23.21
  2953 535bf14f36346c7f59d87cece104d70c              57.77        1           50.00         7.77
  2954 da3fede3469bf49b7293ce3fc45b294d              57.69        1           44.90        12.79
  2955 2c00c85d30361cd2ced2969cffbbffa3              57.51        1           49.80         7.71
  2956 e5545d4d4473876ea78c5bcebca365c3              57.47        1           44.50        12.97
  2957 1f7dfad2cb384ea4d2d7e1ffbd78c407              57.29        1           49.00         8.29
  2958 e595809a6c31ec4314fd06ef198c244d              57.23        1           39.00        18.23
  2959 d63f306de130e0391d38a792541723b8              56.60        1           49.00         7.60
  2960 2d8cfba3fcd3170555941605edaa196a              55.96        1           45.00        10.96
  2961 a213f1bd6458f4a158f3746cb2514559              55.95        1           41.52        14.43
  2961 df683dfda87bf71ac3fc63063fba369d              55.95        1           39.90        16.05
  2962 c74f14c1e26cf1bd5bd34b6a1e274426              55.79        1           39.00        16.79
  2963 baf15155e37ef5492731459bdc05be8a              55.72        1           47.00         8.72
  2964 e72b4feb7abe210c52aa667abc25a3a2              55.64        1           38.20        17.44
  2965 8b181ee5518df84f18f4e1a43fe07923              54.98        1           27.90        27.08
  2966 3d62f86afa7c73be2628a3be1423f5a0              54.42        2           12.00        42.42
  2967 ab75b89cc49c9ab3160d0c91565a442a              53.83        2           37.98        15.85
  2968 70ee69419916dc13e3aed619061f996c              53.72        1           45.00         8.72
  2969 bee36b4f9a2b9fdcaff6ec05df202ed0              53.48        2           33.80        19.68
  2970 1f2eebc0e970fd3c463e4f5d9652687a              53.47        1           44.99         8.48
  2971 3a52d63a8f9daf5a28f3626d7eb9bd28              52.78        1           35.00        17.78
  2972 bb7ad8a45c027be8ab075b8e465f8ca0              52.62        2           19.98        32.64
  2973 2c54051840f19eca309a5423cf22df36              52.27        2           23.70        28.57
  2974 50c361bcf670d16f6df4d52de3dff924              51.60        1           35.00        16.60
  2975 e116c7455dd26a4d8c3e92532583905f              51.54        1           36.76        14.78
  2976 9200e6ce317b67196b6b0bad4d4bd567              51.42        1           36.90        14.52
  2977 f9f68daa2af419d38f745478bcb3da1a              51.36        2           22.40        28.96
  2978 9f56a7a649097b166d8ed286ad86a15c              51.02        2           27.98        23.04
  2979 fedaedd3ca31d56ab33e92035e4b361c              50.86        1           39.90        10.96
  2980 999f6d9a1c7c81f43be44c6b7d076210              50.83        2           28.00        22.83
  2981 c716e0b86ed568878475b60fbb6323ad              50.23        1           35.00        15.23
  2982 baeda7047354773262ba2405f97038ba              50.10        1           35.00        15.10
  2983 e0b162a693bc7f9eab00f783a31d60ea              49.69        1           20.00        29.69
  2984 6561d6bf844e464b4019442692b40e02              49.45        1           41.90         7.55
  2985 cb162c8eef257253782d245c08d9097c              49.12        1           34.99        14.13
  2986 87b4428a334b8f676fd9a7f3bf544fb5              48.98        1           29.99        18.99
  2987 3aa3c89ae3cd482385568be76120f63c              48.94        1           29.90        19.04
  2988 389e45560e33d2d0747f949dcddbc08e              47.43        1           39.00         8.43
  2989 0336182e1b3e92f029d5354832045fdf              47.37        1           29.80        17.57
  2990 72c73be2b085b9d57650dd53eb2004c9              47.32        1           29.40        17.92
  2991 d7f1cfc638473be93baedbfd02208016              47.14        1           30.00        17.14
  2992 28a26ebce31d5918b181ede016fd693b              47.04        1           29.90        17.14
  2993 a09a13f18ed27932d08438aa6f12756e              46.01        1           29.90        16.11
  2994 5206cc4bc2297c833e6061c49bf9c43f              45.96        1           35.00        10.96
  2995 32f83ffe11cd40f7adcf4eef171f52d9              45.09        1           29.99        15.10
  2996 c43d924a0f1688ee9fae0efcd6f539d4              45.01        1           29.90        15.11
  2997 fdf736c18c589ed030e058312203e1b2              44.51        1           30.00        14.51
  2998 436bf27f2f18474fc6047702e9f8a866              44.42        1           29.90        14.52
  2999 c9d2ba8dde44a275ae06475ed1d2fafc              43.31        1           28.79        14.52
  3000 e6ffc9ac6a7adc9d16a1cfc2286dd546              43.28        1           34.99         8.29
  3001 33fd411ed63a7c2f9005e3f065d9f85d              43.13        1           24.90        18.23
  3002 b026643914f651e8371425e5b8a1e780              43.00        1           27.90        15.10
  3003 7b3f6ce5c6c22e9b96e7581ebf0df6e1              42.49        1           29.80        12.69
  3004 bd43e172d599bed47a85da877172ca8c              42.19        1           23.92        18.27
  3005 455befea1bb853c75ccbca94cff26e5c              42.05        1           19.99        22.06
  3006 41958cbd3335433c8740300e8cd600d5              40.38        1           32.99         7.39
  3007 3986c0b54f6b748b75e7bd4e092aa3e5              40.27        1           24.99        15.28
  3008 7cb946b1ad19faebe28c3e86c2794ec3              40.10        1           25.00        15.10
  3009 1992f8fb6b19fcccd97ca819811e7267              40.02        1           28.80        11.22
  3010 7d81e74a4755b552267cd5e081563028              39.99        1           32.50         7.49
  3011 15aec03fe4cf30dfa574cf550f5ff5ff              39.86        1           28.90        10.96
  3012 bcd2d7510d58e293f20fad6438c1b314              39.46        1           23.90        15.56
  3013 1c83418358f249c9d6affa52d579db0e              39.42        1           24.90        14.52
  3014 1a6245add4353f18ed55138808906979              39.34        1           30.00         9.34
  3015 544863df86ed3b78a04e0820d41430ee              39.17        1           23.90        15.27
  3016 f09b760d23495ac9a7e00d29b769007c              39.09        1           21.90        17.19
  3017 bd65d163ded559eb90a10cd09fec178f              38.48        1           19.80        18.68
  3018 a61cc04793308395a840807104365121              38.37        1           14.63        23.74
  3019 139157dd4daa45c25b0807ffff348363              37.68        1           29.90         7.78
  3020 c0e0b73d039eb9a99b6ce4cb7a429cd3              37.56        1           29.88         7.68
  3021 9d69ba0a7a626a64dc5db08e529559cf              37.54        1           19.30        18.24
  3022 bf0d50a6410d487dc97d2baac0a8c0be              37.16        1           27.90         9.26
  3023 82921991ff5b557b045605b8bbf08d49              37.13        1           18.90        18.23
  3024 34675b28b826facfde119785bf287dc1              37.09        1           21.99        15.10
  3025 38f276ca6e7cc95a6d1bb55ac9e5550f              36.84        1           24.99        11.85
  3026 98f52e1020fe788c10c0418de4393fec              36.70        1           21.60        15.10
  3027 c97aa4ee7420f937da13b7f9e2228b99              36.56        1           29.90         6.66
  3028 3820c6537b3853be1a0687d5a60807ec              35.96        1           25.00        10.96
  3029 b2f4d63c7203f539a78252565ca32257              35.74        1           14.90        20.84
  3030 698624c6632eeba1774924dbea24c700              35.13        1           19.90        15.23
  3031 c12d7463a579237ffb9248bd7cff378b              34.62        1           25.90         8.72
  3032 f1fdf2d13186575751aa25876536d85c              34.59        1           26.30         8.29
  3033 bac44fa8e13424950488659b5f765c41              34.42        1           19.90        14.52
  3034 e76ecc7e9a1a1e3c6df9d2a8261c423d              34.10        1           20.00        14.10
  3035 63bc58679c44e8a998792119fd7ad23e              34.01        1           19.90        14.11
  3036 d93b8458c6fe139d85cfa5eadbf55bd2              34.00        1           19.90        14.10
  3037 804287717b9156fb7a787acd9af4fac1              33.90        1           18.80        15.10
  3037 e174dc2de86d60fee178170a154c05e7              33.90        1           19.80        14.10
  3038 0bb27263628258b8111a0262769fa9db              33.16        1           22.20        10.96
  3039 afac9f6b0c4e5f0a7ee87e922cd0f873              32.84        1           20.99        11.85
  3040 13e85aac53340018b40c2af68001b7e0              31.92        1           17.80        14.12
  3041 58b98ccb79873e04eac4357cacc590d9              31.91        1           23.00         8.91
  3042 fb503a924a0b9db19d83dd0ac6dbef8c              31.82        1           13.90        17.92
  3043 ce4755084bc097113867e6454f8f5e52              31.69        1           18.90        12.79
  3043 6c77cd583b36a13aacccf2b3ee23e233              31.69        1           18.90        12.79
  3044 eb1bf309f4f6af9a97e9ddac3fdbeabe              31.18        1           22.30         8.88
  3045 0b46f784306be7200ca1700aa55d819f              30.86        1           19.90        10.96
  3046 bc8c8d665ec4664d286be0d521722b19              30.82        1           22.50         8.32
  3047 8501d82f68d23148b6d78bb7c4a42037              30.66        1           19.70        10.96
  3048 5e063e85d44b0f5c3e6ec3131103a57e              30.32        1           22.90         7.42
  3049 c3e2398fcc7e581cda2e546557bf6968              30.13        1           14.90        15.23
  3050 20f0aeea30bc3b8c4420be8ced4226c0              29.42        1           14.90        14.52
  3051 f3862c2188522d89860c38a3ea8b550d              28.29        1           15.50        12.79
  3051 e64ddbe1cbcf4f2fc3092b7c481f3f9d              28.29        1           20.90         7.39
  3052 95cca791657aabeff15a07eb152d7841              28.22        1            9.99        18.23
  3053 668bf321538e5072858eaef6087ce027              28.01        1           19.90         8.11
  3054 344223b2a90784f64136a8a5da012e7f              27.69        1           10.90        16.79
  3055 0f94588695d71662beec8d883ffacf09              27.59        1            9.00        18.59
  3056 9e25199f6ef7e7c347120ff175652c3b              27.02        1           12.50        14.52
  3057 eae9af4811c294c56795d70e715b7337              27.01        1           15.90        11.11
  3058 6614814a00d344b846ae209f95ee7e3f              25.69        1           13.00        12.69
  3059 6576fd3e23c88f0e5d4d23f39bba0542              25.46        1           14.50        10.96
  3060 5b92bfa4120daa27c574daa2e386c693              24.96        1           14.00        10.96
  3061 c18309219e789960add0b2255ca4b091              24.00        1            9.90        14.10
  3062 7ab0dd5487bab2dc835337b244f689fb              23.46        1           12.50        10.96
  3063 34aefe746cd81b7f3b23253ea28bef39              22.52        1            8.00        14.52
  3064 b5f0712d22a873b6797ab6cc65c3fcba              21.28        1           12.99         8.29
  3065 cc1f04647be106ba74e62b21f358af25              20.19        1           11.90         8.29
  3066 c1dde11f12d05c478f5de2d7319ad3b2              19.89        1           12.50         7.39
  3067 3ac588cd562971392504a9e17130c40b              19.29        1           11.90         7.39
  3068 ad14615bdd492b01b0d97922e87cb87f              19.21        1            8.25        10.96
  3069 702835e4b785b67a084280efca355756              18.56        1            7.60        10.96
  3070 4965a7002cca77301c82d3f91b82e1a9              16.36        1            8.49         7.87
  3071 1fa2d3def6adfa70e58c276bb64fe5bb              15.90        1            6.90         9.00
  3072 77128dec4bec4878c37ab7d6169d6f26              15.22        1            6.50         8.72
  3073 cf6f6bc4df3999b9c6440f124fb2f687              12.22        1            3.50         8.72
